idx,name,eq,r2,mae
0,I.6.2a,0.398519041084514*exp(-0.5*theta**2),0.999997701891934,0.0001030907095333
1,I.6.2a,0.4/exp(theta**2)**0.5,0.9999999463500622,1.283101132907468e-05
2,I.6.2a,0.398519041084514*exp(-0.5*theta**2),0.999999648246444,3.893733923652224e-05
3,I.6.2a,0.393590598505553*exp(-0.4966*theta**2),0.9999983411324282,8.587091233116743e-05
4,I.6.2a,0.398519041084514*exp(-1.0*theta**2)**0.5,0.9999946021191912,0.0001488741470429
5,I.6.2a,sin(0.155703768007731*exp(theta*(0.0100000000000002 - theta)))**0.5,0.9999967349766884,0.0001003027502462
6,I.6.2a,1.33680544485135/((0.157641894763817*exp(theta) + 1)**2 + 0.323736848190542)**2,0.9999834398762126,0.0002181776920256
7,I.6.2a,0.398519041084514*exp(-0.499075785582255*theta**2),0.9999988906514432,6.686169413484736e-05
8,I.6.2a,0.398519041084514*exp(-0.5*theta**2),0.9999973333761404,0.0001029393454392
9,I.6.2a,0.398519041084514*exp(-0.49*theta**2),0.999999015054007,5.5111518517212106e-05
0,I.6.2,0.83*sigma/(sigma*(12.9896 - 4.36*theta) + 4.36*theta**2 - 10.8564),0.9329334371261764,0.0095723213371681
1,I.6.2,exp((sigma*(0.411522633744856*sigma + 0.0493827160493827) + theta)/(0.411522633744856*sigma + 0.0493827160493827))**(-0.5),0.9437279060666816,0.0079865838286578
2,I.6.2,0.15 - 0.07*theta/sigma + 0.15/(sigma*theta),0.9256972267800422,0.0083888742830596
3,I.6.2,0.14 - 0.11*theta/sigma + 0.1628/sigma + 0.0275/(sigma*theta),0.9223535714735552,0.0094268075440362
4,I.6.2,(0.13*sigma - 0.11*theta + 0.1566)/(sigma - 0.18),0.924523371480428,0.0092891577519585
5,I.6.2,0.13 + 2.85714285714286*(-0.126530659712633 + 0.5/(2*theta + 1.0))/sigma,0.9315141381931008,0.0086269494793757
6,I.6.2,(0.13*sigma - 0.13*theta + 0.231152406019673)/(sigma + 0.05),0.9123477428104704,0.0101703124833489
7,I.6.2,sigma/(7.47*sigma + 8.9782*theta - 13.6367),0.8672084609059207,0.0122250406966098
8,I.6.2,1.37/(sigma*(exp(1.8769*(-0.72992700729927*sigma + 0.503649635036496*theta + 1)**2) + 3.39)),0.9232909554279954,0.0100124224523074
9,I.6.2,(0.4348*sigma - 0.2628*theta + 0.4158)/(3.14*sigma + 1.46*theta - 2.31),0.9267302849524324,0.0096989722274937
0,I.6.2b,(0.52*sigma**0.5 - 0.556031002766875)/((sigma**0.5 - 1.0692903899363)*(sigma + 0.92) - 0.01),0.5575883658682058,0.0246077729327756
1,I.6.2b,-0.07*sigma - 0.1*(theta - theta1)**0.5 + 0.3979,0.7642630950008313,0.0206740048043455
2,I.6.2b,3.14*sigma**2*theta1**2/(sigma**2*theta1**2*(sigma + 11.11) + 100.0*(0.268*sigma*theta1 + 0.368*sigma - 1)**2),0.5247215546449483,0.0268572604755
3,I.6.2b,1/(1.42*sigma + 1.69212529086944*((sigma + 5.64084507042254*theta1 - 13.7040845070423)/(sigma - 5.69))**0.5 + 1.2312),0.5604886731235283,0.0273999070320773
4,I.6.2b,0.316227766016838*(1/(1.13636363636364*sigma + (theta - theta1)**2))**0.5,0.7782802019614434,0.020738902976987
5,I.6.2b,2.47*theta1/(sigma*exp(theta1) + 10.0),0.532559226232302,0.0296816856723077
6,I.6.2b,1/(2*sigma + theta*(0.74*theta - 3.187176) + 4.88),0.5442803345513967,0.0251737836592227
7,I.6.2b,1/(sigma + (theta - theta1)**2 + 2.52),0.7273794323022337,0.0230503169074511
8,I.6.2b,sigma**2/(sigma**2*(sigma + 2.55) + (sigma*(0.55 - theta1) - 0.45*sigma + 0.9185*theta + 0.55)**2),0.5919804270221006,0.0296309095515152
9,I.6.2b,theta*(0.474518363860681*sigma + 0.268292682926829*exp(0.22*sigma**2*theta))*exp(-0.22*sigma**2*theta)/(1.0*theta + 2.57),0.5421798412675053,0.024541753694973
0,I.8.14,((x1 - x2)**2 + (y1 - y2)**2)**0.5,0.999999999999979,1.1788083657621185e-07
1,I.8.14,1.0/(-1/(1.0*(x1 - x2)**2 + (y1 - y2)**2))**0.5,0.9999999980109464,2.7792696064213583e-05
2,I.8.14,(-1.0*(-x1 + x2)**2 - (-y1 + y2)**2)**0.5,0.9999999988096856,2.5718305414418053e-05
3,I.8.14,((x1 - x2)**2 + (y1 - y2)**2)**0.5,0.999999999999979,1.1788083657621185e-07
4,I.8.14,((x1 - x2)**2 + (y1 - y2)**2)**0.5,0.999999999999979,1.1788083657621185e-07
5,I.8.14,((x1 - x2)**2 + (y1 - y2)**2)**0.5,0.999999999999979,1.1788083657621185e-07
6,I.8.14,1.0*((x1 - x2)**2 + (y1 - y2)**2)**0.5,0.9999999965764508,5.357334405730135e-05
7,I.8.14,(-(-x1 + x2)**2 - (-y1 + y2)**2)**0.5,0.999999999999979,1.1788083657621185e-07
8,I.8.14,(-(-x1 + x2)**2 - (-y1 + y2)**2)**0.5,0.999999999999979,1.1788083657621185e-07
9,I.8.14,((x1 - x2)**2 + ((y1 - y2)**4)**0.5)**0.5,0.999999999999979,1.1788083657621185e-07
0,I.9.18,G*m2**2*x2/(x1*z1*(y1 - y2)),0.6392428410877193,0.0731462835534346
1,I.9.18,0.49*(m2 + 0.49*(m1**2)**0.5)**2/(x1**2*(1/G)**1.0),0.687755910944108,0.0616193926643915
2,I.9.18,G*m1**2/z1**2,0.432582929475678,0.0806343666621936
3,I.9.18,(G*m1*m2)**1.0/z1**2,0.5933849764529298,0.0546869073748579
4,I.9.18,(G*m1*m2)**1.0/z1**2,0.5933849764529298,0.0546869073748579
5,I.9.18,m1*(G*m2/(x1*z1))**1.0,0.6075529601450447,0.0514758429887152
6,I.9.18,2.32558139534884*G*m1*m2*z2/(y1*z1**2),0.6684090143954118,0.0503269842906176
7,I.9.18,0.2401*m1*(m2*(-m2*(-G**2*z1/(m2**2*x1*(y1 - y2)**2))**0.5)**1.0*(0.98*m1 + m2)**2*(y1 - y2)/m1**2)**1.0/z1**2,0.3566190604246697,0.0677352587904505
8,I.9.18,G*m2**2/(y1 + 0.06*z1)**2,0.3138759554500754,0.0716741105476694
9,I.9.18,G*m2**2/z1**2,0.2949378531392809,0.0699681706152515
0,I.10.7,m_0*(0.325*c**2 - 0.0925000000000001*v**2)/(0.325*c**2 - 0.2525*v**2),0.9999999328808408,0.0001814323038339
1,I.10.7,1.0*(c**2*m_0**2/(1.0*c**2 - v**2))**0.5,0.99999999991559,6.612427121832632e-06
2,I.10.7,c**2*m_0/(1.0*c**2 - 0.55*v**2),0.9999865053405196,0.0030877585695701
3,I.10.7,1.0*m_0*(-c**2/(c**2 - v**2))**0.5,0.9999999802280024,0.0001582778621848
4,I.10.7,m_0/(-1.0 + v**2/c**2)**0.5,0.999999999999986,1.0342916945571545e-07
5,I.10.7,1.0/((1.0*c**2 - v**2)/(c**2*m_0**2))**0.5,0.999999992416466,9.730350267247888e-05
6,I.10.7,(c**2*m_0**2/(1.0*c**2 - v**2))**0.5,0.999999999999983,1.155913168382483e-07
7,I.10.7,m_0/(1.0 - v**2/c**2)**0.5,0.9999999999411928,8.624149129723425e-06
8,I.10.7,6.79*m_0*(-c + v)/(-6.9*c + 7.9*v),0.999980077289404,0.0039625327361855
9,I.10.7,m_0/(1.0 - v**2/c**2)**0.5,0.9999999942447104,8.535082416329276e-05
0,I.11.19,x1*y1 + x2*y2 + 1.0*x3*y3,0.9999999999883308,2.402203750095921e-05
1,I.11.19,1.0*x1*y1 + 1.0*x2*y2 + 1.0*x3*y3,0.9999999997389654,0.0001181135826162
2,I.11.19,x1*y1 + x2*y2 + x3*y3,0.9999999999828526,3.04232292226736e-05
3,I.11.19,1.0*x1*y1 + 1.0*x2*y2 + 1.0*x3*y3,0.9999999999997028,3.8583271499526005e-06
4,I.11.19,x1*y1 + 1.0*x2*y2 + x3*y3,0.9999999894463708,0.0007912625617929
5,I.11.19,x1*y1 + x2*y2 + x3*y3,0.9999999999999728,1.0473375475861246e-06
6,I.11.19,1.0*x1*y1 + x2*y2 + x3*y3,0.9999999999999772,9.533874081135708e-07
7,I.11.19,1.0*x1*y1 + x2*y2 + x3*y3,0.9999999836063104,0.0009372244529775
8,I.11.19,"SRprogram : (['add', 'add', 'add', 'mul', 'mul', 'add', 'c_1', 'c_1', 'c_1', 'mul', 'c_1', 'add', 'mul', 'y3', 'y1', 'mul', 'y1', 'y1', 'mul', 'x2', 'y2', 'mul', 'x3', 'y3', 'mul', 'y1', 'x1'])",0.9999999999999792,9.210689060878962e-07
9,I.11.19,"SRprogram : (['add', 'add', 'mul', 'x2', 'mul', 'y2', 'c_1', 'mul', 'c_1', 'mul', 'x3', 'y3', 'mul', 'x1', 'y1'])",0.999999991913583,0.0007012414312648
0,I.12.1,Nn*mu,0.9999999999999888,3.248645399223094e-07
1,I.12.1,Nn*mu,0.9999999999999888,3.248645399223094e-07
2,I.12.1,1.0*Nn*mu,0.9999999999999852,3.655684438852447e-07
3,I.12.1,1.0*Nn*mu,0.999999999999986,3.766828814510959e-07
4,I.12.1,Nn*mu,0.9999999999999843,3.907895374632986e-07
5,I.12.1,1.0*Nn*mu,0.9999999999999848,3.725074406579765e-07
6,I.12.1,Nn*mu,0.999999999999982,4.36434991617496e-07
7,I.12.1,Nn*mu,0.9999999999999888,3.248645399223094e-07
8,I.12.1,Nn*mu,0.9999999999999848,3.725074406579765e-07
9,I.12.1,Nn*mu,0.999999999999987,3.5529464934125346e-07
0,I.12.2,0.0795544948289578*q1*q2/(epsilon*r**2),0.9999999977947994,2.1648754511469422e-06
1,I.12.2,0.0795544948289578*q1*q2/(epsilon*r**2),0.9999999999999896,4.117873122228693e-09
2,I.12.2,0.0795544948289578*q1*q2/(epsilon*r**2),0.9999999850303164,5.639665588408095e-06
3,I.12.2,0.0796178343949045*q1*q2/(epsilon*r**2),0.99999999990276,4.66908979690078e-07
4,I.12.2,0.08*q1*q2/(epsilon*r**2),0.9999999444912606,1.0859682396382706e-05
5,I.12.2,0.0795544948289578*q1*q2/(epsilon*r**2),0.9999999999999928,3.881919402792464e-09
6,I.12.2,0.0799100112485939*q1*q2/(epsilon*r**2),0.9999999695409428,8.044182494611162e-06
7,I.12.2,0.0795544948289578*q1*q2/(epsilon*r**2),0.9999999959615974,2.928671721040589e-06
8,I.12.2,0.0795544948289578*q1*q2/(epsilon*r**2),0.9999999999999885,4.117313595472169e-09
9,I.12.2,0.08*q1*q2/(epsilon*r**2),0.9999999654823528,1.0859682396382706e-05
0,I.12.4,0.0794602698650675*q1/(epsilon*r**2),0.999999983544042,1.1967910334002613e-06
1,I.12.4,0.08*q1/(epsilon*r**2),0.999999268034273,7.982197369309104e-06
2,I.12.4,0.0796178343949044*q1/(epsilon*r**2),0.9999999995141358,2.056241853627921e-07
3,I.12.4,0.08*q1/(epsilon*r**2),0.9999992684125282,7.980235584219956e-06
4,I.12.4,0.0628*q1/(epsilon*r**2),0.9999915167698163,2.717454024855975e-05
5,I.12.4,zoo,-0.8543700369127831,0.0127051586859513
6,I.12.4,0.0794602698650675*q1/(epsilon*r**2),0.9999999999998372,3.688234975600129e-09
7,I.12.4,0.0795391511491555*q1/(epsilon*r**2),0.9999999999067624,8.992986953821172e-08
8,I.12.4,0.0796178343949045*q1/(epsilon*r**2),0.9999999999881066,3.2093178341126564e-08
9,I.12.4,-0.898576007140249*q1/(epsilon*r**2),-279.2343992155146,0.1561861839812834
0,I.12.5,1.0*Ef*q2,0.999999999999986,4.3356623340873313e-07
1,I.12.5,1.0*Ef*q2,0.9999999999999908,3.6562045268251364e-07
2,I.12.5,Ef*q2,0.9999999999999908,3.6562045268251364e-07
3,I.12.5,Ef*q2,0.9999999999999908,3.6562045268251364e-07
4,I.12.5,Ef*q2,0.9999999999999852,4.246159507070857e-07
5,I.12.5,Ef*q2,0.9999999999999852,4.246159507070857e-07
6,I.12.5,Ef*q2,0.9999999999999908,3.6562045268251364e-07
7,I.12.5,Ef*q2,0.9999999999999836,4.748467558135516e-07
8,I.12.5,Ef*q2,0.9999999999999908,3.6562045268251364e-07
9,I.12.5,Ef*q2,0.9999999999999908,3.6562045268251364e-07
0,I.12.11,q*(1.0*B*v*sin(theta) + Ef),0.9999999999999898,1.907048182241966e-06
1,I.12.11,q*(1.0*B*v*sin(theta) + Ef),0.9999999975653556,0.001001736659923
2,I.12.11,q*(1.0*B*v*sin(theta) + Ef),0.9999999975594934,0.0010029916573377
3,I.12.11,1.0*q*(B*v*sin(theta) + Ef),0.9999999999999876,2.1551173106831857e-06
4,I.12.11,q*(1.0*B*v*sin(theta) + Ef),0.9999999987932572,0.0007053060721544
5,I.12.11,q*(B*v*sin(theta) + Ef),0.999999999999984,2.259203928532405e-06
6,I.12.11,q*(1.0*B*v*sin(theta) + Ef),0.9999999988181156,0.0006978697966722
7,I.12.11,q*(1.0*B*v*sin(theta) + Ef),0.9999999987812452,0.0007088608931688
8,I.12.11,1.0*q*(B*v*sin(theta) + Ef),0.9999999999973314,3.9868327738688536e-05
9,I.12.11,q*(-1.0*B*v*sin(theta - 9.42) + Ef),0.9999999983619364,0.0007875674769073
0,I.13.4,0.5*m*(u**2 + v**2 + w**2),0.9999999856205968,0.0023246520850145
1,I.13.4,0.5*m*(u**2 + v**2 + w**2),0.9999999546996564,0.0044676521796597
2,I.13.4,0.5*m*(u**2 + v**2 + w**2),0.9999999546992976,0.0044675377387417
3,I.13.4,0.502992807202857*m*(u**2 + v**2 + w**2),0.9999999786446582,0.0030670424919711
4,I.13.4,0.5*m*(u**2 + v**2 + w**2),0.999999954701774,0.0044674519080533
5,I.13.4,0.5*m*(u**2 + v**2 + w**2),0.9999999888454144,0.002030293863797
6,I.13.4,0.5*m*(u**2 + v**2 + w**2),0.9999999546860748,0.004467942379056
7,I.13.4,0.5*m*(u**2 + v**2 + w**2),0.9999999547019516,0.0044675568122281
8,I.13.4,0.5*m*(u**2 + v**2 + w**2),0.9999999546940544,0.0044677666205777
9,I.13.4,0.5*m*(u**2 + v**2 + w**2),0.999999999562089,0.0003917653786965
0,I.13.12,1.0*G*m1*m2*(r1 - r2)/(r1*r2),0.9999999861143308,0.0005835629133075
1,I.13.12,1.0*G*m1*m2*(r1 - r2)/(r1*r2),0.9999999935524346,0.0005147683337996
2,I.13.12,1.0*G*m1*m2*(r1 - r2)/(r1*r2),0.9999999959934874,0.0004969244732787
3,I.13.12,G*m1*m2*(r1 - 1.0*r2)/(r1*r2),0.9999999973088814,0.0003329389824797
4,I.13.12,1.0*G*m1*m2*(r1 - r2)/(r1*r2),0.9999999999999528,9.612571946906664e-07
5,I.13.12,1.0*G*m1*m2*(r1 - r2)/(r1*r2),0.9999999997273152,0.0001266891226837
6,I.13.12,1.0*G*m1*m2*(r1 - r2)/(r1*r2),0.9999999967552504,0.0002820116813434
7,I.13.12,1.0*G*m1*m2*(r1 - r2)/(r1*r2),0.9999999879222324,0.0007053678765227
8,I.13.12,1.0*G*m1*m2*(r1 - r2)/(r1*r2),0.9999999970420768,0.0004260832627037
9,I.13.12,1.0*G*m1*m2*(r1 - r2)/(r1*r2),0.9999999999999776,7.152051629846431e-07
0,I.14.3,1.0*g*m*z,0.999999999999986,1.298036153007942e-06
1,I.14.3,g*m*z,0.999999999999986,1.298036153007942e-06
2,I.14.3,1.0*g*m*z,0.9999999999999888,1.303169264614823e-06
3,I.14.3,g*m*z,0.9999999999999872,1.3386919307389888e-06
4,I.14.3,g*m*z,0.9999999999999898,1.2504730921403251e-06
5,I.14.3,g*m*z,0.9999999999999898,1.2504730921403251e-06
6,I.14.3,g*m*z,0.999999999999986,1.40434508764109e-06
7,I.14.3,g*m*z,0.9999999999999898,1.2504730921403251e-06
8,I.14.3,g*m*z,0.9999999999999872,1.374133713936132e-06
9,I.14.3,g*m*z,0.999999999999986,1.298036153007942e-06
0,I.14.4,0.5*k_spring*x**2,0.9999999999999472,1.957326697803464e-06
1,I.14.4,0.5*k_spring*x**2,0.9999999999999574,1.8025208187810728e-06
2,I.14.4,0.499437570303712*k_spring*x**2,0.999999999999968,1.7123909022997986e-06
3,I.14.4,0.5*k_spring*x**2,0.9999999999979464,1.441290425942876e-05
4,I.14.4,0.501848509623048*k_spring*x**2,0.9999999999964369,1.908650445626714e-05
5,I.14.4,0.501176852528204*k_spring*x**2,0.999999999999716,5.1439757378246575e-06
6,I.14.4,0.5*k_spring*x**2,0.9999999985044457,0.0003853971715004
7,I.14.4,0.5*k_spring*x**2,0.9999999999808225,4.3845081803068894e-05
8,I.14.4,0.501176852528204*k_spring*x**2,0.9999999999992312,8.454417708649852e-06
9,I.14.4,0.5*k_spring*x**2,0.9999999999989384,1.0127520087495068e-05
0,I.15.3x,-1.04*t*u + 1.01293103448276*x + 0.431034482758621*u**2*x/c**2,0.998976373890202,0.0283985124174612
1,I.15.3x,-t*u + 0.98*x + 0.181818181818182*u*x/c,0.9990014676219074,0.0343056923017356
2,I.15.3x,-1.01*t*u + x + 0.39*u**2*x/c**2,0.9996997473288104,0.0158582476516286
3,I.15.3x,-1.03270916334661*t*u + 1.01346613545817*x + 0.398406374501992*u**2*x/c**2,0.9997796702216007,0.013158914812726
4,I.15.3x,(-1.05*c**2*t*u + 1.02*x*(c**2 + u**2))/(c**2 + u**2),0.998685810273258,0.035568682223397
5,I.15.3x,-1.0*t*u + x + 0.4*u**2*x/c**2,0.9998423447970248,0.0110662958225524
6,I.15.3x,-1.00306278713629*t*u + x + 0.404287901990812*u**2*x/c**2,0.9998423546132992,0.0111337424927225
7,I.15.3x,-1.0*t*u + x + 0.4*u**2*x/c**2,0.9998423478241084,0.0111818792038431
8,I.15.3x,-1.07*u*(t - 0.26*x/(c + x/(2*t))) + x,0.998928445767719,0.0365823761853309
9,I.15.3x,-t*u + x + 0.38*u**2*x/c**2,0.999818787134447,0.0109673423549976
0,I.15.3t,t - 0.3844*x**2/(c**2*t),0.9950806495499012,0.0404248978344357
1,I.15.3t,1.04*t + 1.49027131541488*x/(u*(-0.78494623655914*c/(c + u) - u/(c + u))**0.5) - 1.716*x/u,0.9950372858850872,0.0455475926993632
2,I.15.3t,0.96*t - 1.33041346956501*I*t + 1.4*(t*(-c*t + 0.37*x)/c)**0.5,0.9947369653638648,0.0452555860988796
3,I.15.3t,0.725476250110012*t/((c*t + 0.526315789473684*t*u - 0.526315789473684*x)/(-1.778*c*t - 2.12*t*u + 2.12*x))**0.5,0.9973817354085668,0.0414113911346501
4,I.15.3t,t*(0.6603*c*t + 0.5041*t**2*(c*t - x)*(t**(-4))**0.5 - 0.1562*x)/(0.42*c*t + 0.71*t**2*(c*t - x)*(t**(-4))**0.5 + 0.29*x),0.9953470168511184,0.0441160943927214
5,I.15.3t,(c*t + 0.210332103321033*t*u - 0.3690036900369*x)/c,0.9979053716394544,0.0354749595347737
6,I.15.3t,t + 0.6*t/(20.0*x/(c*t - 2*x) + 16.17) - 0.05*x/u,0.9967017162252982,0.0400058615523359
7,I.15.3t,"SRprogram : (['n2', 'sub', 'add', 'n2', 'mul', '1', 'inv', 'sqrt', 'inv', 'sqrt', 'sqrt', 'neg', 'n2', 't', 'mul', 'x', 'mul', 'c', 'neg', 'sqrt', 'mul', 'div', 'c_1', 'x', 'mul', 't', 'inv', 'mul', 'c', 'mul', 'c_2', 'mul', 'c', 'x', 'sub', 'neg', 'add', 'sqrt', 't', 'sqrt', 't', 'sqrt', 't'])",0.9899288626901982,0.0711543468822392
8,I.15.3t,"SRprogram : (['mul', 'add', 'c_3', 'n2', 'neg', 'c_2', 'sub', 'sub', 'add', 't', 'inv', 'div', 'c', 'neg', 'sub', 'mul', 'add', 'div', 'mul', 't', '1', 't', 'c_2', 'x', 'x', 't', 't'])",0.9945405822116554,0.0455792137785595
9,I.15.3t,"SRprogram : (['add', 't', 'mul', 'c_1', 'div', 't', 'inv', 'div', 'c_3', 'neg', 'c_1'])",0.9902367688423448,0.0684685130755741
0,I.15.1,m_0*v*(2.81516759102966*c - 2.86*v)/(2.86*c - 3.3176*v),0.9999885238147316,0.0052347673604842
1,I.15.1,c**2*m_0*v/(1.01369863013699*c**2 - 0.5402*v**2),0.9999928623183104,0.0037224255542184
2,I.15.1,m_0*v + 0.586705202312139*m_0*v**3/c**2,0.9998696245560112,0.0159048575701096
3,I.15.1,m_0*v*(0.9789*c - 0.8089*v)/(c - v),0.9999502220997846,0.0108353996010353
4,I.15.1,m_0*v + 0.584742684157417*m_0*v**3/c**2,0.9998696246523938,0.0158985645117142
5,I.15.1,1.0*c**2*m_0*v/(c**2 - 0.528932613984978*v**2),0.9999832987932418,0.0057340406623162
6,I.15.1,1.0*m_0*(c**2*v**2/(1.0*c**2 - v**2))**0.5,0.9999999903158934,0.0001781545971691
7,I.15.1,1.84*c**2*m_0*v/(1.85*c**2 - v**2),0.9999927125008508,0.0040587638330538
8,I.15.1,1.85*c**2*m_0*v/(1.85*c**2 - 1.0*v**2),0.999992865501248,0.0037662647704507
9,I.15.1,(-c**2*m_0**2*v**2/(0.9999*c**2 - v**2))**0.5,0.99999999967249,3.236900817750188e-05
0,I.16.6,c*(8.70118845500849*c*u**2 + 3.30645161290323*v**3)/(c**2*(1.0*c - v) + 8.70118845500849*c*u**2 + 3.30645161290323*v**3),0.9628679003701572,0.1678768761661658
1,I.16.6,(u*v - (0.307878787878788*c - 1.3*u)*(c - v))/u,0.9820757424252502,0.0906537209877556
2,I.16.6,(u*v - (0.26*c - 1.24*u)*(c - v))/u,0.9814768147844076,0.0992732344970511
3,I.16.6,3.32*c*u*(u + v)/(c**2 - 1.0*c*(u + v) + 3.91*u*(u + v)),0.9613737845798536,0.157756355056037
4,I.16.6,c/(0.2401*c**4*(1/(u**2 + 2*v**2) - 0.0816326530612245/v**2)**2 + 0.99),0.9501577391368842,0.1775105765182178
5,I.16.6,0.99*c*(-c*(c - v)*(0.02*u**2 + 0.04*v**2) + u**2*v**2)/(u**2*v**2),0.952683930404971,0.1745914429384584
6,I.16.6,9.6*c*u*(u**2 + v**2)/(1.69*c**2*u - 0.672*c*(u**2 + v**2) + 9.6*u*(u**2 + v**2)),0.9615894327735642,0.1717162954480101
7,I.16.6,(c*v - (0.35*c - 0.327586206896552*v)*(c - u))/v,0.9926943905628302,0.066792920759282
8,I.16.6,c*u**2*v/(c**2*(0.05*c - 0.06*v) - 0.06*c*u**2 + 1.1*u**2*v),0.967813000429637,0.1611393346643977
9,I.16.6,c*u**2*v**2/(0.00684931506849315*c**4 + u**2*v**2),0.967647857775244,0.150228958615907
0,I.18.4,0.48*r1 + 0.523636363636364*r2,0.9098314927702866,0.1578307320034833
1,I.18.4,0.489744*r1 + 0.5244*r2,0.9098310981981212,0.1577947272217603
2,I.18.4,0.472167*r1 + 0.5129*r2,0.909789338431514,0.1581013227856489
3,I.18.4,0.480833333333333*r1 + 0.520833333333333*r2,0.9098059504464578,0.1577522708332868
4,I.18.4,1.0*(m1*r1 + m2*r2)/(m1 + m2),0.999999999930467,5.605895290750063e-06
5,I.18.4,0.4704*r1 + 0.5152*r2,0.909774578454025,0.1581524242318006
6,I.18.4,0.48*r1 + 0.5056*r2,0.9097274889099052,0.157482798999386
7,I.18.4,0.487936*r1 + 0.5248*r2,0.9098310333554832,0.1578734411156507
8,I.18.4,0.4811*r1 + 0.51*r2,0.9097854908853203,0.1575598288929792
9,I.18.4,0.488072*r1 + 0.5244*r2,0.9098245564459672,0.1579480291760297
0,I.18.12,F*r*sin(theta),0.9999999999999948,3.760021688753446e-07
1,I.18.12,1.0*F*r*sin(theta),0.9999999999999948,3.738295278571391e-07
2,I.18.12,F*r*sin(1.0*theta),0.9999999999999948,3.738295278571391e-07
3,I.18.12,F*r*sin(theta),0.9999999999999936,3.947717840707689e-07
4,I.18.12,1.0*F*r*sin(theta),0.9999999974520376,0.0002991501252318
5,I.18.12,F*r*sin(theta),0.9999999999999932,4.11160808501676e-07
6,I.18.12,F*r*sin(theta),0.9999999974176258,0.0002682043469836
7,I.18.12,-F*r*sin(theta - 9.42),0.9999999978225672,0.0002462051666666
8,I.18.12,0,0.999999999999992,4.654139108989376e-07
9,I.18.12,F*r*sin(theta),0.9999999999999942,3.962817077857173e-07
0,I.18.14,m*r*v*sin(theta),0.9999999999999888,1.739435428999847e-06
1,I.18.14,1.0*m*r*v*sin(theta),0.9999999999999852,1.82603477038662e-06
2,I.18.14,m*r*v*sin(theta),0.9999999999999905,1.6676722336669835e-06
3,I.18.14,1.0*m*r*v*sin(theta),0.9999999999999888,1.799038678500231e-06
4,I.18.14,m*r*v*sin(1.0*theta),0.9999999999999896,1.6804831364056194e-06
5,I.18.14,1.0*m*r*v*sin(theta),0.9999999978722892,0.0008149604216505
6,I.18.14,m*r*v*sin(theta),0.9999999999999882,1.6902558903716946e-06
7,I.18.14,m*r*v*sin(theta),0.9999999999999916,1.5073636323045814e-06
8,I.18.14,m*r*v*sin(theta),0.9999999999999898,1.6654513218036794e-06
9,I.18.14,1.0*m*r*v*sin(theta),0.999999999999985,1.8807160229081245e-06
0,I.24.6,0.250582750582751*m*x**2*(omega**2 + omega_0**2),0.9999999995371844,0.0002270352346187
1,I.24.6,0.25*m*x**2*(omega**2 + omega_0**2),0.9999999940731984,0.0007118558969719
2,I.24.6,0.249718785151856*m*x**2*(omega**2 + omega_0**2),0.9999999999999702,1.5328735900910218e-06
3,I.24.6,0.25*m*x**2*(omega**2 + omega_0**2),0.9999999999959376,2.112035925335487e-05
4,I.24.6,0.25*m*x**2*(omega**2 + omega_0**2),0.9999999649190996,0.0019716655713801
5,I.24.6,0.25*m*x**2*(omega**2 + omega_0**2),0.999999999999865,3.5261485816162617e-06
6,I.24.6,0.25*m*x**2*(omega**2 + omega_0**2),0.9999999643612256,0.0019872915250545
7,I.24.6,0.25*m*x**2*(omega**2 + omega_0**2),0.9999999952051818,0.000626902559185
8,I.24.6,0.25*m*x**2*(omega**2 + omega_0**2),0.999999998207468,0.0003945572007157
9,I.24.6,0.25*m*x**2*(omega**2 + omega_0**2),0.9999999999956738,2.199773962444862e-05
0,I.25.13,q/C,0.9999999999999916,4.895754648126528e-08
1,I.25.13,1.0*q/C,0.9999999999999916,4.895754648126528e-08
2,I.25.13,1.0*q/C,0.9999999999999908,5.3763491927316666e-08
3,I.25.13,q/C,0.9999999999999885,5.682278358509762e-08
4,I.25.13,q/C,0.9999999999999876,6.369134336603467e-08
5,I.25.13,q/C,0.9999999999999916,4.895754648126528e-08
6,I.25.13,q/C,0.9999999999999885,5.682278358509762e-08
7,I.25.13,1.0*q/C,0.9999999999999916,4.895754648126528e-08
8,I.25.13,1.0*q/C,0.9999999999999916,4.895754648126528e-08
9,I.25.13,1.0*q/C,0.9999999999999876,6.319769799256747e-08
0,I.26.2,arcsin(n*sin(theta2)),0.9999999999999868,2.836550386641412e-08
1,I.26.2,arcsin(n*sin(theta2)),0.9999999999999868,2.836550386641412e-08
2,I.26.2,arcsin(n*sin(theta2)),0.9999999999999868,2.836550386641412e-08
3,I.26.2,1.0*arcsin(1.0*n*sin(theta2)),0.9999999999175544,9.47528253723536e-07
4,I.26.2,arcsin(n*sin(theta2)),0.9999999999999868,2.836550386641412e-08
5,I.26.2,arcsin(n*sin(theta2)),0.9999999999999868,2.836550386641412e-08
6,I.26.2,arcsin(n*sin(1.0*theta2)),0.9999999767680032,5.01799785133348e-05
7,I.26.2,arcsin(n*sin(theta2)),0.9999999999999868,2.836550386641412e-08
8,I.26.2,arcsin(1.0*n*sin(theta2)),0.9999999934584578,1.983933799925944e-05
9,I.26.2,arcsin(n*sin(theta2)),0.9999999999999868,2.836550386641412e-08
0,I.27.6,d1*d2/(d1*n + d2),0.9999999999999792,3.0886460453682934e-08
1,I.27.6,1.0*d1*d2/(d1*n + d2),0.9999999800264304,3.7022103939527984e-05
2,I.27.6,1.0*d1*d2/(d1*n + d2),0.9999999999999792,3.13795940931616e-08
3,I.27.6,d1*d2/(d1*n + 1.0*d2),0.9999999999999792,3.1316447651752453e-08
4,I.27.6,1.0*d1*d2/(d1*n + d2),0.999999995239978,1.804882517430828e-05
5,I.27.6,1.0*d1*d2/(d1*n + d2),0.9999999953322448,1.748727766084146e-05
6,I.27.6,1.0*d1*d2/(d1*n + d2),0.9999999999999792,3.136732578012946e-08
7,I.27.6,d1*d2/(d1*n + 1.0*d2),0.9999999999999792,3.136732578012946e-08
8,I.27.6,1.0*d1*d2/(d1*n + d2),0.9999999999999772,3.26425091057292e-08
9,I.27.6,d1*d2/(1.0*d1*n + d2),0.9999999919806628,2.3610124911790376e-05
0,I.29.4,1.0*omega/c,0.9999999999999948,5.261316177646026e-08
1,I.29.4,1.0*omega/c,0.9999999999999972,4.323627133234753e-08
2,I.29.4,1.0*omega/c,0.9999999999999964,5.068971406424484e-08
3,I.29.4,omega/c,0.999999999999996,4.494223130119269e-08
4,I.29.4,1.0*omega/c,0.999999999999994,4.975661491074535e-08
5,I.29.4,1.0*omega/c,0.999999999999996,4.494223130119269e-08
6,I.29.4,1.0*omega/c,0.9999999999999972,4.323627133234753e-08
7,I.29.4,omega/c,0.9999999999999952,4.397720201804178e-08
8,I.29.4,1.0*omega/c,0.9999999999999766,1.1382765934181422e-07
9,I.29.4,omega/c,0.999999999999996,4.494223130119269e-08
0,I.29.16,(x1*x2*(-theta1 + theta2))**0.5,0.7876646325497342,0.7232681953846622
1,I.29.16,(x1*x2*(theta1 - theta2))**0.5,0.7876646399487071,0.7232681810795475
2,I.29.16,(x1**2 + x2**2)**0.5*sin((theta1 - (theta2**2)**0.5)**0.5),0.7241010678257085,0.7781132539027227
3,I.29.16,1.02597835208515*(x1*(0.0499999999999999*x1 + x2*(theta1 - theta2) + 0.0499999999999999*x2))**0.5,0.7763240760407648,0.713448613902155
4,I.29.16,(-x1**2 + 2*x1*x2*cos(theta1 - theta2) - x2**2)**0.5,0.9999999999999724,2.141667832800121e-07
5,I.29.16,(x1*x2*(-theta1 + 0.99*theta2))**0.5,0.7077651489440637,0.713675456601207
6,I.29.16,(x1*x2*(0.999992073305919*theta1 - theta2))**0.5,0.7036105428146164,0.7131529952504323
7,I.29.16,0.774596669241483*((theta1 - theta2)*(x1**2 + x2**2))**0.5,0.8703089707712742,0.3899876341704729
8,I.29.16,0.772690753147726*((theta1 - theta2)*(x1**2 + x2**2))**0.5,0.8703089771437665,0.3899886110906007
9,I.29.16,1.25698050899765*(-0.481012658227848*x1**2 + x1*x2*sin(theta1)*sin(theta2) - 0.481012658227848*x2**2)**0.5,0.707799452521167,0.7074429566243668
0,I.30.3,Int_0*(0.0112*n*theta**5 + 6.25)/(n*theta**2),0.5918711993477077,1.1196004917856863
1,I.30.3,Int_0*(0.67 - 1.0*sin(0.994047619047619*n*theta + 1.67)),0.5438637551693031,0.9898659603849348
2,I.30.3,Int_0*(0.4452*sin(n*(theta - 0.53)) + 0.84),0.5461913202298763,0.9623032423768842
3,I.30.3,0.56*Int_0*theta/(theta - sin((-1.12*n + 2.24*theta + 1.12)/theta)),0.4909077100966682,1.1320565517965866
4,I.30.3,Int_0*(sin(1.0*n*theta - 1.55) + 0.666666666666667),0.5425096874782933,0.9657002099794714
5,I.30.3,0.71*Int_0*(sin(1.0*n*theta - 1.5407) + 1),0.6257471044249603,0.7342579701814976
6,I.30.3,0.69*Int_0*(1 - sin(1.05797101449275*n*theta + 1.0)),0.5461290765548796,0.8055642543860835
7,I.30.3,-Int_0*(sin(0.96*n*theta + 2.0) - 0.69),0.5158115418499578,1.0954073517527727
8,I.30.3,0.69*Int_0*theta/(0.98*theta - 0.941192*sin(n)),0.5000188164524049,1.1589616818499884
9,I.30.3,Int_0*(2.0 - 1.61290322580645*sin((-1.0*n + 2.0*theta + 5.89)/theta**2)),0.544523763523844,1.147527775119592
0,I.30.5,arcsin(lambd/(d*n)),0.999999999999977,1.0481863232936206e-08
1,I.30.5,arcsin(lambd/(d*n)),0.9999999999999823,8.950532311285953e-09
2,I.30.5,arcsin(lambd/(d*n)),0.9999999999999792,9.58775112622212e-09
3,I.30.5,arcsin(1.0*lambd/(d*n)),0.999999999999984,8.581409602914648e-09
4,I.30.5,arcsin(1.0*lambd/(d*n)),0.9999999877271226,9.10179583122478e-06
5,I.30.5,arcsin(lambd/(d*n)),0.999999999999984,8.581409602914648e-09
6,I.30.5,arcsin(lambd/(d*n)),0.9999999999999796,9.154005084222038e-09
7,I.30.5,arcsin(lambd/(d*n)),0.9999999999999823,8.950532311285953e-09
8,I.30.5,arcsin(lambd/(d*n)),0.9999999999999772,9.783593687834324e-09
9,I.30.5,arcsin(1.0*lambd/(d*n)),0.9999999999999768,1.0478854937795436e-08
0,I.32.5,0.0530909554248338*a**2*q**2/(c**3*epsilon),0.9999999973686404,1.2674370639778896e-05
1,I.32.5,0.0530363298859719*a**2*q**2/(c**3*epsilon),0.9999999999596814,1.6279384520541526e-06
2,I.32.5,0.0533015115354018*a**2*q**2/(c**3*epsilon),0.9999999999712296,1.1287682872270702e-06
3,I.32.5,0.0529475982532751*a**2*q**2/(c**3*epsilon),0.9999999996952328,3.677166620829318e-06
4,I.32.5,0.05*a**2*q**2/(c**3*epsilon),0.9999999914468642,2.3009119483551084e-05
5,I.32.5,0.055*a**2*q**2/(c**3*epsilon),0.9999998807467468,8.590390074727863e-05
6,I.32.5,0.05*a**2*q**2/(c**3*epsilon),0.999998987054387,0.0002503952420529
7,I.32.5,0.0530909554248338*a**2*q**2/(c**3*epsilon),0.999999999890556,2.5799259944715235e-06
8,I.32.5,0.0530363298859719*a**2*q**2/(c**3*epsilon),0.999999999971802,9.350435187010316e-07
9,I.32.5,0.0533789211128834*a**2*q**2/(c**3*epsilon),0.9999999966554272,1.4299519180237438e-05
0,I.32.17,0.7536*Ef**2*epsilon*r**3*(omega - 0.31*omega_0),0.5077580705283168,2.186593555619833
1,I.32.17,0.25*Ef**4/(Ef**2*omega_0 - 0.5*epsilon)**2,-0.3328944400838156,3.406906234686569
2,I.32.17,-17.1396*(1 + 0.241545893719807*(omega_0 + 1.0*(Ef*omega*(epsilon/(1.0*epsilon**4*r**2 + epsilon + 1.0) - 1.0) + Ef)/omega_0)/(Ef*omega))**2,-45.47333989863731,39.53452705883358
3,I.32.17,(1.0*(Ef + 1.0 + 1.0 + 1/(epsilon*1.0*(-1*1.0 + 1/(-1*1.0 + 1/(1.0 - (-(-c - omega/(omega_0 + (1/(c/((-1*1.0 + 1/(1.0**2))**2)))**2) + 1.0)**2)**2))))))**2,-11.162609089655918,11.357188771352824
4,I.32.17,0.318471337579618*(-0.241545893719807*epsilon + 0.076925443859811*omega_0 + 1)**4/(epsilon*((3.0 - Ef)*(-0.241545893719807*epsilon + 0.076925443859811*omega_0 + 1)**4 + 0.101423992859751*(Ef*(-0.241545893719807*epsilon + 0.076925443859811*omega_0 + 1)**2 - 0.101423992859751*(0.241545893719807*epsilon - 1)**2)**2)),-0.3117498000626379,3.297990393362097
5,I.32.17,0.268036614768782*Ef**2*c*epsilon*r**2,0.0886628846001564,3.2177481508188124
6,I.32.17,0.2601*Ef**2*c**3*epsilon/omega**2,-0.1999469164986826,3.4861048932499354
7,I.32.17,-3.14000000000000,-1.2423509473148011,6.568818316691861
8,I.32.17,1.0*(-c + omega)/(omega_0*(c + 1.0*(1 - epsilon)*(1.0*c - omega))),-0.3326247618412783,3.424747483722706
9,I.32.17,zoo,-0.1696250836068971,2.994658804589008
0,I.34.8,B*q*v/p,0.999999999999993,5.813010247179839e-07
1,I.34.8,1.0*B*q*v/p,0.9999999980273648,0.0003371509001778
2,I.34.8,1.0*B*q*v/p,0.9999999980616856,0.0003339692042397
3,I.34.8,B*q*v/p,0.9999999999999876,7.171458930499419e-07
4,I.34.8,1.0*B*q*v/p,0.9999999999649292,4.501381654272718e-05
5,I.34.8,1.0*B*q*v/p,0.9999999999871968,2.7232558913332648e-05
6,I.34.8,1.0*B*q*v/p,0.9999999999999908,6.166653156314261e-07
7,I.34.8,B*q*v/p,0.9999999999999912,6.083228838282828e-07
8,I.34.8,1.0*B*q*v/p,0.9999999999660372,4.429736871252699e-05
9,I.34.8,B*q*v/p,0.9999999999999885,6.878524625686389e-07
0,I.34.1,1.0*c*omega_0/(c - 1.0*v),0.9999999952243872,0.0001235914850066
1,I.34.1,1.0*c*omega_0/(c - v),0.9999999999883769,4.297432916344768e-06
2,I.34.1,1.0*c*omega_0/(c - v),0.9999999999999762,2.270964845907386e-07
3,I.34.1,c*omega_0/(c - 0.9999*v),0.999999999677313,2.2571024911584024e-05
4,I.34.1,1.0*c*omega_0/(c - v),0.9999999942569828,9.510153295296588e-05
5,I.34.1,c*omega_0/(c - v),0.9999999999999818,2.0655735014418763e-07
6,I.34.1,c*omega_0/(1.0*c - v),0.9999999993899544,4.04966497252568e-05
7,I.34.1,1.0*c*omega_0/(c - v),0.9999999999734596,9.481968862830036e-06
8,I.34.1,1.0*c*omega_0/(c - v),0.9999999841525136,0.0001667048472725
9,I.34.1,1.0*c*omega_0/(c - v),0.9999999898057956,0.0001657057428191
0,I.34.14,omega_0*(0.99*c**2 + 1.1123595505618*c*v - 0.99*v**2)/(1.0*c**2 - v**2),0.9999265086242936,0.0061943200556844
1,I.34.14,-1.0*omega_0/(1.20481927710843*v*(1/(1.84010101010101*c**2 + v**2))**0.5 - 0.99),0.9999776294452892,0.0050882424751166
2,I.34.14,omega_0*(-0.94*c**2 - 0.27*c*v + 0.21*v**2)/(-0.94*c**2 + 0.67*c*v + 0.07*v**2),0.9999941511430368,0.0031067840465609
3,I.34.14,omega_0*(2*c + 0.37*v)/(1.98*c - 1.4396*v),0.9999969747069238,0.0019714491234384
4,I.34.14,1.0*omega_0*(c - 0.0307855626326964*v)**2/(c - 0.5*v)**2,0.9999820554075308,0.0043569449478406
5,I.34.14,omega_0*(-1.04*c - 0.28*v)/(-1.04*c + 0.72*v),0.9999845568708022,0.0052261317535362
6,I.34.14,1.0*omega_0/((-c + v)/(1.0*c + v))**0.5,0.999999845604578,0.0004775308567399
7,I.34.14,c*omega_0*(21.16 - 9.86590087118252*I)/(11.0*c - 9.0*v),0.999941930389388,0.0100370695347236
8,I.34.14,omega_0*(1.1191135734072*c + 0.1516*v)/(1.10803324099723*c - 0.84*v),0.9999926454563536,0.0037003715456367
9,I.34.14,1.96078431372549*omega_0*(c**2 - v**2)/(c*(2*c - 2.29*v)),0.9999869307172752,0.00473164809683
0,I.34.27,0.159235668789809*h*omega,0.999999999999987,6.529085394724189e-08
1,I.34.27,0.159235668789809*h*omega,0.9999999999999556,1.257106607860381e-07
2,I.34.27,0.159203099525809*h*omega,0.999999999998799,7.389274010688452e-07
3,I.34.27,0.159235668789809*h*omega,0.9999999999999856,7.041656582107424e-08
4,I.34.27,0.159151903438563*h*omega,0.9999999999994552,4.787954916923853e-07
5,I.34.27,0.159056551052138*h*omega,0.9999999999999852,6.858485671557001e-08
6,I.34.27,0.158878504672897*h*omega,0.9999999999923828,1.8621769318610808e-06
7,I.34.27,0.159235668789809*h*omega,0.9999999999999843,7.048738308312874e-08
8,I.34.27,0.16*h*omega,0.9999999999656592,3.778168238166013e-06
9,I.34.27,0.159235668789809*h*omega,0.9999999999999872,6.65458554710563e-08
0,I.37.4,0.02*ii1 + 0.97*(ii1 + ii2)*(cos(delta) + 1.02),0.9974751961789676,0.0955008771154445
1,I.37.4,0.97*ii1*cos(delta) + 1.0379*ii1 + 0.97*ii2*cos(delta) + 0.97*ii2,0.9974679456003142,0.0937033863880548
2,I.37.4,ii1 + ii2 + 1.0*(ii1*ii2*(ii1 + ii2)**2/(0.0169*ii1*ii2 - 0.26*(ii1 + ii2)**2))**0.5*cos(delta),0.9999995449506786,0.0012783772869457
3,I.37.4,1.0379*ii1 + 0.97*ii2 + 0.97*(ii1 + ii2)*cos(delta),0.9974679439154788,0.0936855856100061
4,I.37.4,ii1 + ii2 + (ii1*ii2*(cos(delta)**2 - 4.71))**0.5*cos(delta),0.99828490033695,0.1084895160160879
5,I.37.4,1.0379*ii1 + 0.97*ii2 + 0.97*(ii1 + ii2)*cos(delta),0.9974679443390666,0.0937026860335805
6,I.37.4,ii1 + ii2 + 1.9881*(ii1*ii2)**0.5*cos(delta),0.9999999381511572,0.0005056462485623
7,I.37.4,1.0*ii1 + 1.0*ii2 + 2.0*(ii1*ii2)**0.5*cos(delta),0.9999999941208818,0.0001966609878344
8,I.37.4,(1.0*ii1*ii2*cos(delta) + (0.23*ii1 + 0.242852032520325*ii2)*(ii1 + 1.0*ii2))/(0.23*ii1 + 0.242852032520325*ii2),0.9978529441068772,0.0840844394384792
9,I.37.4,(ii1*(ii1 + 3*ii2)*cos(delta) + (ii1 + ii2)*(1.5568*ii1 + 0.4704*ii2))/(1.5568*ii1 + 0.4704*ii2),0.9999123234495813,0.0188840864903933
0,I.38.12,0.318724897561767*epsilon*h**2/(m*q**2),0.999999999787228,1.0549236247069416e-05
1,I.38.12,0.36*epsilon*h**2/(m*q**2),0.999999786551335,0.0003747004278048
2,I.38.12,0.318710161229846*epsilon*h**2/(m*q**2),0.9999999999999916,6.739841101024297e-08
3,I.38.12,0.318724897561767*epsilon*h**2/(m*q**2),0.9999999999999832,7.336955783428245e-08
4,I.38.12,0.315323082141444*epsilon*h**2/(m*q**2),0.9999999758045248,9.844010211313868e-05
5,I.38.12,0.318217979315831*epsilon*h**2/(m*q**2),0.9999999872708302,9.148329421438944e-05
6,I.38.12,0.318486199747893*epsilon*h**2/(m*q**2),0.9999999996785832,1.1337674034487264e-05
7,I.38.12,0.31687898089172*epsilon*h**2/(m*q**2),0.9999999992080516,2.285521552405585e-05
8,I.38.12,0.318267383415164*epsilon*h**2/(m*q**2),0.999999999650566,1.35174730510779e-05
9,I.38.12,0.318832715169837*epsilon*h**2/(m*q**2),0.9999999667344864,0.0001319203303844
0,I.39.1,1.50225225225225*V*pr,0.9999999999999416,1.3053019173892011e-06
1,I.39.1,1.5*V*pr,0.9999999999999784,7.407209825149863e-07
2,I.39.1,1.50225225225225*V*pr,0.9999999999999382,1.5100903480647077e-06
3,I.39.1,1.50225225225225*V*pr,0.9999999999999748,8.093587527113754e-07
4,I.39.1,1.5*V*pr,0.9999999999998856,2.2171301675388834e-06
5,I.39.1,1.49943757030371*V*pr,0.999999999999974,8.11986671527265e-07
6,I.39.1,1.50225225225225*V*pr,0.9999999999999748,8.093587527113754e-07
7,I.39.1,1.50225225225225*V*pr,0.9999999999999836,7.248031821127654e-07
8,I.39.1,1.50225225225225*V*pr,0.999999999999981,7.672832057004087e-07
9,I.39.1,1.49943757030371*V*pr,0.9999999999999744,7.743865903542258e-07
0,I.39.11,V*pr/(Gamma - 1.0),0.9999999986635726,9.4634848036802e-05
1,I.39.11,V*pr/(Gamma - 1.01),0.999999999833311,2.7434868416750245e-05
2,I.39.11,V*pr/(1.0*Gamma - 1),0.9999999984608222,9.35977272177102e-05
3,I.39.11,1.0*V*pr/(Gamma - 1.0),0.9999999963181034,0.0001523828081274
4,I.39.11,4.44*V*pr/(4.44*Gamma - 4.45),0.9999999999998904,6.495402821082852e-07
5,I.39.11,V*pr/(Gamma - 1.0),0.9999999688190774,0.0003753608039999
6,I.39.11,V*pr/(Gamma - 1.0),0.9999999965331368,0.0001251399091863
7,I.39.11,V*pr/(Gamma - 1.0),0.9999999965354582,0.0001251017622137
8,I.39.11,1.0*V*pr/(Gamma - 1.0),0.9999999999999738,3.130076309221241e-07
9,I.39.11,1.0*V*pr/(Gamma - 1.0),0.9999999999999653,3.402132658825163e-07
0,I.39.22,1.0*T*kb*n/V,0.9999999999999905,5.066766608541329e-07
1,I.39.22,T*kb*n/V,0.9999999999999916,4.957426956897493e-07
2,I.39.22,1.0*T*kb*n/V,0.9999999999991954,5.686564828479846e-06
3,I.39.22,T*kb*n/V,0.9999999999999788,6.752227987583126e-07
4,I.39.22,1.0*T*kb*n/V,0.9999999999926276,1.712708034666832e-05
5,I.39.22,1.0*T*kb*n/V,0.9999999999999812,6.250243461236594e-07
6,I.39.22,1.0*T*kb*n/V,0.9999999991251072,0.0001844069524749
7,I.39.22,T*kb*n/V,0.9999999999999916,5.39570945652379e-07
8,I.39.22,1.0*T*kb*n/V,0.999999999148519,0.0001821806863799
9,I.39.22,1.0*T*kb*n/V,0.999999999148629,0.000182168765451
0,I.40.1,7.0225*(0.377358490566038*exp(g*m*x/(T*kb + 1.0*g*m*x)) - 1)**2,0.7524069614381917,0.1877825144367481
1,I.40.1,n_0*exp(-g*m*x/(T*kb)),0.9999999999999928,3.1520667626360024e-08
2,I.40.1,n_0*exp(-g*m*x/(T*kb)),0.9999999999167956,5.4007896022213104e-06
3,I.40.1,1.0*n_0*exp(-g*m*x/(T*kb)),0.999999996339784,2.019455452653896e-05
4,I.40.1,1.0*n_0*exp(-g*m*x/(T*kb)),0.9999999963326612,2.021928190446581e-05
5,I.40.1,n_0*exp(-g*m*x/(T*kb)),0.999999999999984,3.932723442740528e-08
0,I.40.1,7.0225*(0.377358490566038*exp(g*m*x/(T*kb + 1.0*g*m*x)) - 1)**2,0.7524069614381917,0.1877825144367481
1,I.40.1,n_0*exp(-g*m*x/(T*kb)),0.9999999999999928,3.1520667626360024e-08
2,I.40.1,n_0*exp(-g*m*x/(T*kb)),0.9999999999167956,5.4007896022213104e-06
3,I.40.1,1.0*n_0*exp(-g*m*x/(T*kb)),0.999999996339784,2.019455452653896e-05
0,I.41.16,1.0*c/h - 1.0 - 1.16375962752608*(T**2*(0.993700930246621*T + 1)**2 + 0.987441538773*c**2*kb)**12/c**23,-0.7345521914177437,3.0367480858949687
1,I.41.16,(T*(kb - 1.0)**9 - h)**2/(kb - 1.0)**18,-1809076665.0448973,15152.369835307103
2,I.41.16,-2.30714367327865e+100*T**16*exp(-108*kb),-2.4257861952924285e+22,260002353569.74777
3,I.41.16,-((1.0*(-(-1*1.0 + 1/(h/((-c - (kb - 1*1.0 + ((-exp(-1.0 + 1.0/(1.0*1.0))/(1.0/((-1/1.0)) + 3.14))**2)**2 + 1.0)**2)**2)))**2))**2)**3,-5.7531168118189495e+34,6.268579490918196e+17
4,I.41.16,-((c - 1/(-T - 1*1.0 + 1.0 + 1/(h*((1/((1/((1/(-((-T/(c/((1.0*c/((kb/1.0)))) + h))**2)**2))**2))**2 + 1.0))**2 + 3.14))))*1.0)**3,-592.5971075695403,65.73543252437327
5,I.41.16,(-kb + 1.0*T - 1.0/(T*((-kb + omega + ((1.0/(omega + 1/(c*kb/((kb*(c - 1*1.0 + 1.0)*exp(3.14))))))**2)**2)**2 + 1.0) + kb - 1*1.0))**3,-15.610629599232064,7.379172282624705
6,I.41.16,-2.71828182845905*kb + 1.0 - 1.0*kb/T**2,-10.107653958415789,9.535781089951731
7,I.41.16,7.38905609893065*h**2*exp(-2*T + 2.0*omega) + 3.14,-6735.796739231237,138.6207660476039
8,I.41.16,-(c + omega)**3/(0.101423992859751*c*(c + omega) - omega)**3,-5108.141590973025,121.9291025681708
9,I.41.16,2.09053774498462e+416*T + 1.0*omega**2,-16.317434260868975,12.112938993354168
0,I.43.16,1.0*Volt*mu_drift*q/d,0.99999999999999,6.920589292896962e-07
1,I.43.16,1.0*Volt*mu_drift*q/d,0.9999999999998208,2.8726491345060225e-06
2,I.43.16,1.0*Volt*mu_drift*q/d,0.9999999999999896,6.380421630741706e-07
3,I.43.16,1.0*Volt*mu_drift*q/d,0.9999999999999902,6.308532571502878e-07
4,I.43.16,0.995619275189167*Volt*mu_drift*q/d,0.9999999999619962,4.5385960043777264e-05
5,I.43.16,Volt*mu_drift*q/d,0.9999999999999918,5.740218904176641e-07
6,I.43.16,Volt*mu_drift*q/d,0.9999999999999892,6.033311996728186e-07
7,I.43.16,Volt*mu_drift*q/d,0.999999999999976,9.560040715789198e-07
8,I.43.16,Volt*mu_drift*q/d,0.99999999999999,5.912350312547999e-07
9,I.43.16,Volt*mu_drift*q/d,0.9999999999999885,6.932430160649927e-07
0,I.43.31,1.0*T*kb*mob,0.9999999999999872,1.3525181541496067e-06
1,I.43.31,1.0*T*kb*mob,0.999999999999986,1.4620099523909858e-06
2,I.43.31,1.0*T*kb*mob,0.9999999999999872,1.322129492109525e-06
3,I.43.31,1.0*T*kb*mob,0.9999999999999876,1.3960294422332709e-06
4,I.43.31,1.0*T*kb*mob,0.999999999999986,1.4620099523909858e-06
5,I.43.31,1.0*T*kb*mob,0.9999999999999876,1.3960294422332709e-06
6,I.43.31,T*kb*mob,0.999999999999986,1.5129625010068538e-06
7,I.43.31,1.0*T*kb*mob,0.999999999999991,1.241172334935925e-06
8,I.43.31,1.0*T*kb*mob,0.9999999999999812,1.7110100491635194e-06
9,I.43.31,1.0*T*kb*mob,0.9999999999999832,1.6048327395878914e-06
0,I.43.43,1.0*kb*v/(A*(Gamma - 1.0)),0.9999999999999906,1.19844055244539e-07
1,I.43.43,kb*v/(A*(Gamma - 1)),0.9999999999999862,1.209408138218293e-07
2,I.43.43,1.0*kb*v/(A*(Gamma - 0.995225225225225)),0.9999999986996472,3.8232023399407536e-05
3,I.43.43,kb*v/(A*(Gamma - 1.0)),0.9999999999999892,1.036907786315655e-07
4,I.43.43,kb*v/(A*(Gamma - 1.0)),0.9999999999951168,2.394129950468865e-06
5,I.43.43,1.0082*kb*v/(A*(Gamma - 1.0)),0.9999999993502248,3.3104827124541134e-05
6,I.43.43,kb*v/(A*(Gamma - 1.0)),0.9999999996782946,1.906465502447399e-05
7,I.43.43,1.0*kb*v/(A*(Gamma - 1.0)),0.9999999998026452,2.0203779023224983e-05
8,I.43.43,1.0*kb*v/(A*(Gamma - 1)),0.999999991725958,0.0001296586681556
9,I.43.43,1.0*kb*v/(A*(Gamma - 1)),0.9999999954104312,8.79534682816914e-05
0,I.44.4,T*kb*n*log(V2/V1),0.9999999999999776,1.753213099956949e-06
1,I.44.4,1.0*T*kb*n*log(V2/V1),0.999999999995423,3.838978814035506e-05
2,I.44.4,T*kb*n*log(-V2/V1),0.9999999999999898,1.2085277218703425e-06
3,I.44.4,-1.0*T*kb*n*log(V1/V2),0.9999999999999876,1.530072038504679e-06
4,I.44.4,T*kb*n*log(V2/V1),0.9999999999955516,3.76315404281035e-05
5,I.44.4,2.94117647058824*T*kb*log(V2/V1),0.8910406909361978,4.3917268524123205
6,I.44.4,T*kb*n*log(V2/V1),0.9999999999999842,1.8050557294740224e-06
7,I.44.4,1.0*T*kb*n*log(V2/V1),0.9999999976373662,0.0006541383905657
8,I.44.4,T*kb*(n*(log(V2/V1) + 0.307484699747961) - 1),0.9697952941792864,2.844903072218908
9,I.44.4,1.0*T*kb*n*log(V2/V1),0.999999999999988,1.4525716033946673e-06
0,I.47.23,(Gamma*pr/rho)**0.5,0.9999999999999898,5.48265884148247e-08
1,I.47.23,1.0*pr/(-pr*rho/Gamma)**0.5,0.9999999999995466,4.021229291739647e-07
2,I.47.23,(pr/(rho**2/Gamma**2)**0.5)**0.5,0.9999999999999892,5.3947327288694784e-08
3,I.47.23,1.0*(Gamma*pr/rho)**0.5,0.999999999999988,5.795126187924105e-08
4,I.47.23,(Gamma*pr/rho)**0.5,0.9999999999999876,5.8546829188044216e-08
5,I.47.23,(zoo*Gamma*pr)**0.5,0.9999999999999876,5.8546829188044216e-08
6,I.47.23,(Gamma*pr/rho)**0.5,0.9999999991090348,1.847246308572914e-05
0,I.47.23,1.0*(Gamma*pr/rho)**0.5,0.9999999999999848,5.98441607246869e-08
1,I.47.23,1.0/(rho/(Gamma*pr))**0.5,0.9999999876936672,6.789966126873769e-05
2,I.47.23,1.0*(-Gamma*pr/rho)**0.5,0.999999999927734,5.201859269592379e-06
0,I.48.2,m*(1.0*c**2 + 0.57*I*v**2),0.9999983278081014,0.0897461045354988
1,I.48.2,c**2*m*(-2.0*c**2 + 0.53*v**2)/(-2.0*c**2 + 1.53*v**2),0.9999999998426043,0.0008061621635931
2,I.48.2,m*(1.0*c**4 + 0.49*v**2*(c**2 + v**2))/c**2,0.9999999727155282,0.0101372055812086
3,I.48.2,c**2*m*(2.0043*c**2 - 0.53*v**2)/(2.0043*c**2 - 1.53*v**2),0.9999999997798448,0.0007538992095371
4,I.48.2,m*(c**2*(c**2 + 0.5*v**2) + 0.460298583533309*v**4)/c**2,0.9999999871033916,0.0078400356313569
5,I.48.2,m*(1.0*c**4 + 0.492610837438424*v**2*(c**2 + v**2))/c**2,0.9999999743244994,0.0133250107733771
6,I.48.2,c**4*m/(c**2 - 0.498668751407898*v**2),0.9999994972983935,0.0502419797689935
7,I.48.2,m*(c**4*(c**2 + 0.52*v**2) + 1.9604*v**6)/c**4,0.9999998433113642,0.0303015794130389
8,I.48.2,1.0*c**2*(-c**2*m**2/(c**2 - v**2))**0.5,0.9999999981333382,0.0035255026280493
9,I.48.2,c**4*m/(c**2*(1.0*c**2 - v**2))**0.5,0.9999999979780002,0.0037208009303002
0,I.50.26,x1*(1.0*alpha*cos(omega*t) + 1.0)*cos(omega*t),0.9999999963136164,0.0001062541279457
1,I.50.26,x1*(alpha*cos(omega*t) + 1)*cos(omega*t),0.9999999999999124,4.332214201588575e-07
2,I.50.26,1.0*x1*(alpha*cos(omega*t) + 1.0)*cos(omega*t),0.999999999652622,3.714217671988105e-05
3,I.50.26,x1*(alpha*cos(omega*t) + 1)*cos(omega*t),0.9999999999999124,4.332214201588575e-07
4,I.50.26,1.0*x1*(alpha*cos(omega*t) + 1)*cos(omega*t),0.9999999963355712,0.0001058807073361
5,I.50.26,x1*(alpha*cos(omega*t) + 1)*cos(omega*t),0.9999999997743616,2.9526234079514982e-05
6,I.50.26,x1*(alpha*cos(omega*t) + 1)*cos(omega*t),0.9999999999999146,4.373635513580049e-07
7,I.50.26,x1*(alpha*cos(omega*t) + 1)*cos(omega*t),0.9999999999999004,4.610176516409376e-07
8,I.50.26,x1*(alpha*cos(omega*t) + 1)*cos(omega*t),0.9999999998761686,2.152850165967062e-05
9,I.50.26,1.0*x1*(alpha*cos(omega*t) + 1)*cos(omega*t),0.9999999997144232,3.367016658050513e-05
0,II.2.42,A*kappa*(-T1 + T2)/d,0.9999999999999802,6.0746447724358e-07
1,II.2.42,1.0*A*kappa*(-T1 + T2)/d,0.999999998282059,0.0001942494656703
2,II.2.42,1.0*A*kappa*(-T1 + T2)/d,0.9999999999846582,1.842291614028685e-05
3,II.2.42,-0.5*A*kappa*(1.14556040756914*T1 - T2)/d,0.7768535905169138,2.250607529523394
4,II.2.42,1.0*A*kappa*(-T1 + T2)/d,0.9999999999973256,7.712035979955123e-06
5,II.2.42,1.0*A*kappa*(-T1 + T2)/d,0.9999999983735228,0.0001887955371477
6,II.2.42,1.0*A*kappa*(-T1 + T2)/d,0.999999984634291,0.0005761331687927
7,II.2.42,1.0*A*kappa*(-T1 + T2)/d,0.999999998501938,0.0001812419150212
8,II.2.42,1.0*A*kappa*(-T1 + T2)/d,0.999999999965608,2.8378914763592943e-05
9,II.2.42,1.0*A*kappa*(-T1 + T2)/d,0.99999999857996,0.0001764629636147
0,II.3.24,0.079798269973507*Pwr/r**2,0.9999999985567268,1.3015647156612837e-06
1,II.3.24,0.0796178343949045*Pwr/r**2,0.99999999997234,1.8061555162834746e-07
2,II.3.24,0.079798269973507*Pwr/r**2,0.9999999985538144,1.302067629851576e-06
3,II.3.24,0.0796151679834376*Pwr/r**2,0.9999999999692388,1.893560139911137e-07
4,II.3.24,0.0797270495312486*Pwr/r**2,0.999999999851068,4.175021050946675e-07
5,II.3.24,0.0798017288083513*Pwr/r**2,0.9999999997131568,5.793706251757107e-07
6,II.3.24,0.0795772854596384*Pwr/r**2,0.9999999999997432,1.6116045274015487e-08
7,II.3.24,0.0796026237024772*Pwr/r**2,0.9999999999999692,5.036355051534977e-09
8,II.3.24,0.0795795795795796*Pwr/r**2,0.9999999997198618,5.731550307495632e-07
9,II.3.24,0.0795772854596384*Pwr/r**2,0.9999999999998698,1.1702560029748857e-08
0,II.4.23,0.0791788856304985*q/(epsilon*r),0.9999999994876428,5.369244963438283e-07
1,II.4.23,0.0796178343949045*q/(epsilon*r),0.99999999967367,4.291131272404422e-07
2,II.4.23,0.0795639893384254*q/(epsilon*r),0.9999999999626812,1.4535310859372516e-07
3,II.4.23,0.08*q/(epsilon*r),0.9999999999545948,1.5811369573185549e-07
4,II.4.23,0.0796529167606449*q/(epsilon*r),0.9999999999999069,7.170514896744085e-09
5,II.4.23,0.08*q/(epsilon*r),0.9999999541731496,5.079732939550184e-06
6,II.4.23,0.0796482732254365*q/(epsilon*r),0.9999999999996342,1.4851532825731206e-08
7,II.4.23,0.079798269973507*q/(epsilon*r),0.999999999997918,3.361915057013137e-08
8,II.4.23,0.0795641707842392*q/(epsilon*r),0.9999999999999858,2.154123927358697e-09
9,II.4.23,0.0796178343949045*q/(epsilon*r),0.9999999999998987,7.64775271108048e-09
0,II.6.11,0.0795586188082875*p_d*cos(theta)/(epsilon*r**2),0.9999999997250226,2.410830758024028e-07
1,II.6.11,0.0796927761489014*p_d*cos(theta)/(epsilon*r**2),0.9999999929859364,1.214193321079852e-06
2,II.6.11,0.0793493354493156*p_d*cos(theta)/(epsilon*r**2),0.999999999088662,4.384362228890902e-07
3,II.6.11,0.0796450253080032*p_d*cos(theta)/(epsilon*r**2),0.999999987340177,1.6323438784595558e-06
4,II.6.11,1.0*p_d*(0.129673826571201 - 0.0795544948289578*theta)/(epsilon*r**2),0.944982957429265,0.0030089542790924
5,II.6.11,0.0795544948289578*p_d*cos(theta)/(epsilon*r**2),0.9999999999735067,7.510042659994454e-08
6,II.6.11,-0.138077965118279*p_d*theta/(epsilon*r**2),0.4727840033511875,0.0104343452772973
7,II.6.11,0.0795544948289578*p_d*cos(theta)/(epsilon*r**2),0.9999999999999823,1.8317935381323567e-09
8,II.6.11,-0.157517899761337*p_d*(cos(1/theta) - 0.68)/(epsilon*r**2),0.6307684324077873,0.0092927602927663
9,II.6.11,0.0795544948289578*p_d*cos(theta)/(epsilon*r**2*theta*(cos(theta) + 1.29)),0.9410164850396688,0.0037866478301042
0,II.6.15a,epsilon - (y*z**2 - (epsilon*z + 0.318471337579618*x**0.5 + 1)**2)**2/z**4,-62260.45541820083,63.35746077072524
1,II.6.15a,0.318471337579618*(-p_d**2/epsilon**2)**1.0,-0.8452713217723071,0.3405372346452067
2,II.6.15a,3.93*p_d*z/(epsilon*r*x*(0.75187969924812*x + z)**2),0.2630331753319609,0.188876065668455
3,II.6.15a,-0.158685831622177/(epsilon*r**2*z*((0.84 + 0.916515138991168*I)/p_d)**1.0),-0.3493540639702082,0.2021619785356877
4,II.6.15a,0,0.7011381945382029,0.1449116469687588
5,II.6.15a,p_d*z*(1.18920711500272*(-(0.353553390593274*z/(-x**1.0 + x - 0.5*y + 0.5)**0.5 + 1)**0.5)**0.5 - 1.0),-31.647260891790047,1.6790463367009278
6,II.6.15a,-1.0*I/(z - 1.0)**2,-6093978.800593298,100.62221254335944
7,II.6.15a,(epsilon*((-r/(y*(z + 1.33116659914037*((1.0*p_d*(x*(epsilon + 1) - 1)**2 + x**3*(0.318471337579618*r + y))/x**3)**0.25 + 2.0)))**0.5 - 1.0)**2)**(-0.5),-10.178880002715331,1.0509506883303263
8,II.6.15a,(zoo*(epsilon - 4.14) - 1)/(epsilon - 4.14),-1.4073038667975957,0.4867135156190603
9,II.6.15a,1.26*p_d/(epsilon*r**2*x),0.5970959104735449,0.1503598175106948
0,II.6.15b,p_d/(epsilon*r**3),-227.90370917480573,0.3000843484362638
1,II.6.15b,(((theta - ((epsilon + theta + (-1/((-sin(theta))/sin(1.0)))**2)**2)**2)**3)**2)**2 - 1*3.14,-1.0845032975744973e+27,999999995904.0106
2,II.6.15b,-0.03*p_d/(epsilon*r**3),0.0384771925927599,0.0174557033159117
3,II.6.15b,zoo,0.0530839348695674,0.0185593025093114
4,II.6.15b,0.0722806222996153*p_d/(epsilon*r**3*(theta - 3.93)),0.2270452076903821,0.0144910751058971
5,II.6.15b,3.14*p_d/(epsilon*r**3),-2168.12792620335,0.9196978950908458
6,II.6.15b,0.595823236590956/r**6,-23.423341895775767,0.0775337117880168
7,II.6.15b,-2.3699962958703e-9/(-0.837133550488599*p_d + 0.837133550488599*r + 0.837133550488599*theta + 1)**3,-0.1255761641188899,0.0199053637872003
8,II.6.15b,-0.03*p_d/(epsilon*r**3),0.0384772565733935,0.017447638210263
9,II.6.15b,1.18839510577812*sin(theta)/(2053.63328335457*epsilon**6 + 1.0),-983.049787601945,0.8974606377294337
0,II.8.7,0.046679340657791*q**2/(d*epsilon),0.9999999999999384,9.814090979548898e-09
1,II.8.7,0.0443460269865068*q**2/(d*epsilon),0.9999999269233736,1.3915636727887009e-05
2,II.8.7,0.0624*q**2/(d*epsilon),0.999980034897137,0.000230019233504
3,II.8.7,0,0.6565771959212328,0.011881869124429
4,II.8.7,0.047746827223331*q**2/(d*epsilon),0.9999999999999812,5.682638109091517e-09
5,II.8.7,0.0477707006369426*q**2/(d*epsilon),0.9999999979791898,2.313748618888471e-06
6,II.8.7,0.0476190476190476*q**2/(d*epsilon),0.9999999999999828,5.708208649325351e-09
7,II.8.7,0.0476692766440829*q**2/(d*epsilon),0.99999997880457,7.495723047924426e-06
8,II.8.7,0.05*q**2/(d*epsilon),0.9999986989550358,5.8718559949028106e-05
9,II.8.7,0.048048048048048*q**2/(d*epsilon),0.9999999542769306,1.1007784551310157e-05
0,II.8.31,0.5*Ef**2*epsilon,0.9999999999999885,8.151406464962374e-07
1,II.8.31,0.502252252252252*Ef**2*epsilon,0.9999999999983052,1.1173518941473004e-05
2,II.8.31,0.499752567494089*Ef**2*epsilon,0.999999999999363,7.110801889825824e-06
3,II.8.31,0.499437570303712*Ef**2*epsilon,0.9999999999999788,1.005304518283401e-06
4,II.8.31,0.499437570303712*Ef**2*epsilon,0.9999999999999464,1.7090633581251514e-06
5,II.8.31,0.5*Ef**2*epsilon,0.9999999999994432,6.529721067022321e-06
6,II.8.31,0.498630136986301*Ef**2*epsilon,0.9999999999938598,2.2137728884149555e-05
7,II.8.31,0.49878453038674*Ef**2*epsilon,0.9999999999999332,1.9407529508252976e-06
8,II.8.31,0.499437570303712*Ef**2*epsilon,0.9999999999999424,1.9241871582942325e-06
9,II.8.31,0.499437570303712*Ef**2*epsilon,0.999999999999948,1.77418340665203e-06
0,II.10.9,sigma_den/(epsilon*(1.0*chi + 1)),0.9999999999999222,5.087746981234653e-08
1,II.10.9,sigma_den/(epsilon*(chi + 1.0)),0.999999999238667,4.735300999845552e-06
2,II.10.9,1.0*sigma_den/(epsilon*(chi + 1)),0.999999999239222,4.733214837278413e-06
3,II.10.9,1.0*sigma_den/(epsilon*(chi + 1)),0.9999999607912364,3.689081602649004e-05
4,II.10.9,1.0*sigma_den/(epsilon*(chi + 1)),0.9999999999998264,8.18918764248361e-08
5,II.10.9,1.0*sigma_den/(epsilon*(chi + 1)),0.9999999999999786,1.9243709584101933e-08
6,II.10.9,1.0*sigma_den/(epsilon*(chi + 1.0)),0.9999999794619652,2.822750316258817e-05
7,II.10.9,1.0*sigma_den/(epsilon*(chi + 1.0)),0.9999999993050176,5.242181259427977e-06
8,II.10.9,1.0*sigma_den/(epsilon*(chi + 1)),0.9999999607799276,3.498443545522846e-05
9,II.10.9,1.0*sigma_den/(epsilon*(chi + 1.0)),0.9999999999999868,1.7521960414892957e-08
0,II.11.3,-1.0*Ef*q/(m*(omega**2 - omega_0**2)),0.9999999967303486,5.545183499395673e-06
1,II.11.3,-1.0*Ef*q/(m*(omega**2 - omega_0**2)),0.9999999999999544,1.5579490347111813e-08
2,II.11.3,-Ef*q/(m*(omega**2 - omega_0**2)),0.9999999999999404,1.8517445567467482e-08
3,II.11.3,-Ef*q/(m*(omega**2 - omega_0**2)),0.9999999999999194,1.9332220268231122e-08
4,II.11.3,Ef*q/(m*(-omega**2 + omega_0**2)),0.9999999999999502,1.5511707604914938e-08
5,II.11.3,1.25*Ef*q/(m*omega_0**2),0.9486323435658588,0.0172281260590402
6,II.11.3,-Ef*q/(m*(omega**2 - omega_0**2)),0.9999999965055628,5.94320199912804e-06
7,II.11.3,-Ef*q/(m*(1.0*omega**2 - omega_0**2)),0.99999999904127,2.161427815496747e-06
8,II.11.3,-1.0*Ef*q/(m*(omega**2 - omega_0**2)),0.9999999999999676,1.4474767150024493e-08
9,II.11.3,-1.0*Ef*q/(m*(omega**2 - omega_0**2)),0.9999999994055844,2.429917971551593e-06
0,II.11.17,(Ef*p_d*theta*(cos(theta) + 1.56)*cos(theta) + 1.91*T*kb)/(T*kb),0.8684791300223625,0.3934150707827926
1,II.11.17,(-1.16*Ef*p_d*(theta - 1) + 2.32*T*kb)/(T*kb),0.7478152081444769,0.4954976499126917
2,II.11.17,2.11*Ef*p_d*cos(theta)/(T*kb) + 2.11*cos(n_0 - 2.11),0.8094749964730096,0.4069854501303503
3,II.11.17,n_0*(theta**2*(2.81 - theta) + cos(theta) - 0.53)/theta**2,0.7358952252784265,0.5717908853105914
4,II.11.17,(-1.27*Ef*p_d*(theta - 1.27) + 2.54*T*kb)/(T*kb),0.749583664565713,0.6481309613875541
5,II.11.17,0.81*n_0*(theta*(2.22 - theta) + 1)/theta,0.7357856578557204,0.5726501835224631
6,II.11.17,1.39*Ef*p_d*cos(theta)/(T*kb) + 1.9321,0.8029370825030699,0.5582635650197666
7,II.11.17,0.466*Ef*p_d*theta*cos(theta)/(T*kb) + 0.566*theta*cos(theta) + 2.33,0.7991298228606539,0.5695898584713148
8,II.11.17,(-n_0 + 1.09*(cos(theta) - 1.08)*cos(theta))/(cos(theta) - 1.08),0.7300798952997867,0.5585417111244253
9,II.11.17,2.34*Ef*p_d*cos(theta)/(T*kb) + theta,0.7586125643675892,0.5515031192001741
0,II.11.20,0.332833583208396*Ef*n_rho*p_d**2/(T*kb),0.9999999999999594,5.40353439225233e-07
1,II.11.20,0.33*Ef*n_rho*p_d**2/(T*kb),0.9999999943797768,0.0002290511957685
2,II.11.20,0.334124093688396*Ef*n_rho*p_d**2/(T*kb),0.9999999946380488,0.0002237977751214
3,II.11.20,0.334112930170398*Ef*n_rho*p_d**2/(T*kb),0.9999999997324092,4.995158991410606e-05
4,II.11.20,0.331840053094409*Ef*n_rho*p_d**2/(T*kb),0.9999999997438048,4.899836263253563e-05
5,II.11.20,0.33*Ef*n_rho*p_d**2/(T*kb),0.9999999999857544,1.1507280854441e-05
6,II.11.20,0.332981711305829*Ef*n_rho*p_d**2/(T*kb),0.999999982253486,0.0004070165672023
7,II.11.20,0.33*Ef*n_rho*p_d**2/(T*kb),0.9999999943786546,0.0002290923229734
8,II.11.20,0.333333333333333*Ef*n_rho*p_d**2/(T*kb),0.9999999995177618,6.708844682767265e-05
9,II.11.20,0.333333333333333*Ef*n_rho*p_d**2/(T*kb),0.9999999995172502,6.710304996564262e-05
0,II.11.27,-3.0*Ef*alpha*epsilon*n/(alpha*n - 3.0),0.9999999999775838,1.626714727821175e-06
1,II.11.27,Ef*alpha*epsilon*n/(-0.33*alpha*n + 1),0.9999999970331148,1.87569619071699e-05
2,II.11.27,Ef*alpha*epsilon*n/(-0.328*alpha*n + 1.0),0.9999999924302336,5.604481394858739e-05
3,II.11.27,-3.0*Ef*alpha*epsilon*n/(alpha*n - 3.0),0.999999982052176,9.075620010138218e-05
4,II.11.27,Ef*alpha*epsilon*n/(-0.333333333333333*alpha*n + 1.0),0.9999999999876692,1.1953882809354633e-06
5,II.11.27,-3.0*Ef*alpha*epsilon*n/(alpha*n - 3.0),0.9999999999729084,1.7835245390504748e-06
6,II.11.27,4.76*Ef*alpha*epsilon*n/(-1.58403361344538*alpha*n + 4.75210084033613),0.999999998243916,1.53353190406007e-05
7,II.11.27,-5.28701298701299*Ef*alpha*epsilon*n/(1.771*alpha*n - 5.29),0.9999999984930098,1.1994181930483744e-05
8,II.11.27,Ef*alpha*epsilon*n/(-0.332446808510638*alpha*n + 1.0),0.9999999823903624,8.004415166921254e-05
9,II.11.27,-3.0*Ef*alpha*epsilon*n/(alpha*n - 3.0),0.9999999999998168,1.424885684338977e-07
0,II.11.28,(-0.67*alpha*n - 1.0)/(0.33*alpha*n - 1),0.9999999976305194,6.9197074524818266e-06
1,II.11.28,(-0.66*alpha*n - 1.0)/(0.34*alpha*n - 1),0.9999999999961272,2.962980083354161e-07
2,II.11.28,(-4.0*alpha*n - 6.0)/(2.0*alpha*n - 6.0),0.999999999862718,2.446314833661756e-06
3,II.11.28,(-0.67*alpha*n - 1.0)/(0.33*alpha*n - 1.0),0.9999999976458112,6.900633966153702e-06
4,II.11.28,(-0.67*alpha*n - 1.0)/(0.33*alpha*n - 1.0),0.9999999571778184,4.219990739684709e-05
5,II.11.28,(-2*alpha*n - 3.0)/(alpha*n - 3.0),0.9999999990949756,5.595858112226182e-06
6,II.11.28,(-2.0*alpha*n - 3.0)/(alpha*n - 3.0),0.999999986619406,3.2314375255482195e-05
7,II.11.28,(-4.0*alpha*n - 6.0)/(2*alpha*n - 6.0),0.9999999967662552,1.3700200370148077e-05
8,II.11.28,(-0.67*alpha*n - 1.0)/(0.33*alpha*n - 1),0.9999999790686888,4.208908740194639e-05
9,II.11.28,(-2.0*alpha*n - 3.0)/(alpha*n - 3.0),0.9999999999531968,8.724147559036055e-07
0,II.13.17,0.158899502483784*ii/(c**2*epsilon*r),0.9999999992313288,3.724755780913397e-07
1,II.13.17,0.159235668789809*ii/(c**2*epsilon*r),0.9999999999580116,8.697631453652824e-08
2,II.13.17,0.159235668789809*ii/(c**2*epsilon*r),0.9999999999708092,7.249250227143015e-08
3,II.13.17,0.16252405587391*ii/(c**2*epsilon*r),0.9999999391767488,3.315184049666627e-06
4,II.13.17,0.158727639243822*ii/(c**2*epsilon*r),0.9999999994663104,3.106066553064152e-07
5,II.13.17,0.15636684303351*ii/(c**2*epsilon*r),0.9999999998944612,1.3827918412606274e-07
6,II.13.17,0.159568406388397*ii/(c**2*epsilon*r),0.999999999996658,2.8160054672361425e-08
7,II.13.17,0.158866329870047*ii/(c**2*epsilon*r),0.9999999864175274,1.5668232397965626e-06
8,II.13.17,0.159108989657916*ii/(c**2*epsilon*r),0.9999999991322384,4.476142316424837e-07
9,II.13.17,0.159108989657916*ii/(c**2*epsilon*r),0.9999999990919864,4.050390733263926e-07
0,II.13.23,1.0*rho_c_0*(c**2/(c**2 - 1.0*v**2))**0.5,0.9999999999999551,2.023772410209013e-07
1,II.13.23,rho_c_0*(2.01*c**2 - 0.57*v**2)/(2.01*c**2 - 1.57*v**2),0.999999977062874,0.0001584870870358
2,II.13.23,0.497512437810945*rho_c_0*(2.01*c**2 - 0.5678*v**2)/(c**2 - 0.78*v**2),0.9999999897529092,9.361214752518832e-05
3,II.13.23,rho_c_0/(1.0 - v**2/c**2)**0.5,0.9999999875736452,0.0001238642061338
4,II.13.23,(rho_c_0**2*(1.0*c**2 + 0.00320000000000009*v**2)/(c**2 - 1.0*v**2))**0.5,0.9999999914674392,8.054683380085636e-05
5,II.13.23,1.0*(-c**2*rho_c_0**2/(c**2 - 1.0*v**2))**0.5,0.999999980493844,0.0001534194379568
6,II.13.23,rho_c_0*(2.0164*c**2 - 0.61*v**2)/(2.0164*c**2 - 1.61*v**2),0.9999999417180018,0.0002179188925967
7,II.13.23,1.0/((-c**2 + v**2)/(c**2*rho_c_0**2))**0.5,0.9999999986281598,4.133235704259608e-05
8,II.13.23,rho_c_0*(2.01*c**2 - 0.57*v**2)/(2.01*c**2 - 1.57*v**2),0.9999999815737186,0.0001299682316709
9,II.13.23,1.0*rho_c_0/(-(-1 + v**2/c**2)**1.0)**0.5,0.9999999901679936,0.0001075647786661
0,II.13.34,1.0*rho_c_0*v*(c**2/(1.0*c**2 - v**2))**0.5,0.9999999970547312,0.0001023719968536
1,II.13.34,1.0*rho_c_0*v/(1 - v**2/c**2)**0.5,0.9999999933479256,0.0001084102926513
2,II.13.34,1.0*(-c**2*rho_c_0**2*v**2/(c**2 - v**2))**0.5,0.9999999953154988,0.0001262555780151
3,II.13.34,1.0*rho_c_0/(1.0/v**2 - 1/c**2)**0.5,0.9999999656500498,0.0001726882631098
4,II.13.34,(c**2*rho_c_0**2*v**2/(-c**2 + v**2))**0.5,0.9999999999999808,2.0820526908549297e-07
5,II.13.34,0.99622152372605*(c**2*rho_c_0**2*v**2/(1.0*c**2 - v**2))**0.5,0.999999972844584,0.0003107844056823
6,II.13.34,1.0*(c**2*rho_c_0**2*v**2/(-c**2 + 1.0*v**2))**0.5,0.9999999976049908,3.536001613765327e-05
7,II.13.34,1.0*(-c**2*rho_c_0**2*v**2/(c**2 - v**2))**0.5,0.9999999963961416,0.0001107634840271
8,II.13.34,1.0*rho_c_0*v/(-1 + v**2/c**2)**0.5,0.999999995192924,6.043000355660189e-05
9,II.13.34,1.0*rho_c_0/(v**(-2) - 1/c**2)**0.5,0.999999999999974,2.49258138536046e-07
0,II.15.4,-B*mom*cos(theta),0.9999999999999852,4.4584500401151363e-07
1,II.15.4,B*mom*cos(theta + 3.14),0.9999999952241816,0.000317892179543
2,II.15.4,-1.0*B*mom*cos(theta),0.9999999999999823,5.027840305629749e-07
3,II.15.4,-1.0*B*mom*cos(theta),0.9999999975409852,0.0002107611098195
4,II.15.4,B*mom*cos(1.0*theta - 9.42),0.9999999952660088,0.0003163389408049
5,II.15.4,-B*mom*cos(theta),0.999999999999982,4.884675931740579e-07
6,II.15.4,-B*mom*cos(theta),0.9999999999999836,4.722140195426161e-07
7,II.15.4,-B*mom*cos(theta),0.9999999999174076,4.526440456139452e-05
8,II.15.4,-1.0*B*mom*cos(theta),0.9999999999999836,4.722140195426161e-07
9,II.15.4,-B*mom*cos(theta),0.999999999999984,4.714492510540792e-07
0,II.15.5,-1.0*Ef*p_d*cos(theta),0.9999999977300504,0.0001796087082505
1,II.15.5,-Ef*p_d*cos(theta),0.9999999999999684,5.847896529184715e-07
2,II.15.5,-1.0*Ef*p_d*cos(theta),0.9999999976448531,0.0001829767618358
3,II.15.5,-Ef*p_d*cos(theta),0.9999999999999788,4.959206251284321e-07
4,II.15.5,-Ef*p_d*cos(theta),0.9999999999999784,5.122287237954715e-07
5,II.15.5,-1.0*Ef*p_d*cos(theta),0.9999999973449994,0.0001941809690492
6,II.15.5,-Ef*p_d*cos(theta),0.9999999999999796,4.988521281598657e-07
7,II.15.5,Ef*p_d*cos(theta - 3.14),0.9999999929048672,0.0003384438811292
8,II.15.5,-Ef*p_d*cos(theta),0.9999999999999784,5.122287237954715e-07
9,II.15.5,-1.0*Ef*p_d*cos(theta),0.9999999999999792,4.770170123200024e-07
0,II.21.32,0.0795544948289578*c*q/(epsilon*r*(c - 1.0*v)),0.9999999999999792,3.286810787064136e-09
1,II.21.32,0.1257*c*q/(epsilon*r*(c - v)),0.999998717457507,3.4715382259320127e-05
2,II.21.32,q*(0.0620525059665871*c + 0.184566428003182*v)/(c*epsilon*r),0.99818042522178,0.0011453298789325
3,II.21.32,q*(0.0883054892601432*c + 0.0795544948289578*v)/(c*epsilon*r),0.9823460529417464,0.0027051262822773
4,II.21.32,1.0*q*(0.06*c + 0.1257*v)/(c*epsilon*r),0.9980902100948597,0.0010854222986454
5,II.21.32,0.0795544948289578*c*q/(epsilon*r*(c - v)),0.9999999940354186,2.368029329944746e-06
6,II.21.32,q*(0.0757999999999996*c**4 + 0.97*v**4)/(c**4*epsilon*r),0.9964239141836008,0.0017184784792693
7,II.21.32,0.11*c*q/(epsilon*r*(c - 0.11*v)),0.9553395008684558,0.0047647868351607
8,II.21.32,q*(0.0757999999999996*c**4 + 0.97*v**4)/(c**4*epsilon*r),0.9964239141836008,0.0017184784792693
9,II.21.32,q*(0.0991371397099323*c**2 + 0.416064319934057*v**2)/(epsilon*r*(1.1365*c**2 + 0.572870871977649*v**2)),0.999838242956945,0.0002763170180604
0,II.24.17,3.141655614481*(-1/d**2 + 0.101317122593718*omega**2/c**2)**0.5,0.9999999999977396,1.0853355849893554e-06
1,II.24.17,3.141655614481*(d**(-2) - 0.101317122593718*omega**2/c**2)**0.5,0.999999999999436,5.304194223909598e-07
2,II.24.17,3.141655614481*(d**(-2) - 0.101317122593718*omega**2/c**2)**0.5,0.9999999999989424,7.315918619155148e-07
3,II.24.17,3.16227766016838*(-1/d**2 + 0.1*omega**2/c**2)**0.5,0.9999999810672822,0.0001005686527923
4,II.24.17,3.141655614481*(-1/d**2 + 0.101317122593718*omega**2/c**2)**0.5,0.9999999999997196,3.768644014701117e-07
5,II.24.17,3.141655614481*(d**(-2) - 0.101317122593718*omega**2/c**2)**0.5,0.999999999999065,6.821407075796592e-07
6,II.24.17,3.16227766016838*(-1/d**2 + 0.1*omega**2/c**2)**0.5,0.9999999791235884,0.0001056133502288
7,II.24.17,3.141655614481*(-1/d**2 + 0.101317122593718*omega**2/c**2)**0.5,0.999999999999542,4.805472446789416e-07
8,II.24.17,3.141655614481*(-1/d**2 + 0.101317122593718*omega**2/c**2)**0.5,0.9999999999996928,3.86350297627569e-07
9,II.24.17,3.141655614481*(-1/d**2 + 0.101317122593718*omega**2/c**2)**0.5,0.9999999999977526,1.0800287421841582e-06
0,II.27.16,1.0*Ef**2*c*epsilon,0.9999999865061074,0.0073580396323812
1,II.27.16,,0.9999999999999846,6.218434495384173e-06
2,II.27.16,1.0*Ef**2*c*epsilon,0.9999999999268628,0.0005428016334188
3,II.27.16,Ef**2*c*epsilon,0.9999999999999872,6.213217239583457e-06
4,II.27.16,Ef**2*c*epsilon,0.9999999999999776,7.552161702388816e-06
5,II.27.16,Ef**2*c*epsilon,0.9999999999999872,6.213217239583457e-06
6,II.27.16,1.0*Ef**2*c*epsilon,0.9999999999999768,7.450024983306492e-06
7,II.27.16,Ef**2*c*epsilon,0.9999999999999823,6.738995253137148e-06
8,II.27.16,1.0*Ef**2*c*epsilon,0.99999999960346,0.0012598597854959
9,II.27.16,1.0*Ef**2*c*epsilon,0.9999999999999885,6.0488276503356535e-06
0,II.27.18,1.0*Ef**2*epsilon,0.9999999999999862,1.9771798294154763e-06
1,II.27.18,1.0*Ef**2*epsilon,0.9999999999999848,2.037205569491718e-06
2,II.27.18,Ef**2*epsilon,0.9999999999999888,1.837284504739856e-06
3,II.27.18,1.0*Ef**2*epsilon,0.999999999999987,1.9262561929345166e-06
4,II.27.18,1.0*Ef**2*epsilon,0.9999999999999888,1.837284504739856e-06
5,II.27.18,Ef**2*epsilon,0.999999999999986,1.964747218705654e-06
6,II.27.18,1.0*Ef**2*epsilon,0.9999999999999862,1.9771798294154763e-06
7,II.27.18,1.0*Ef**2*epsilon,0.999999999999984,2.1228587315036406e-06
8,II.27.18,Ef**2*epsilon,0.999999999999987,1.9262561929345166e-06
9,II.27.18,Ef**2*epsilon,0.9999999999999862,1.9771798294154763e-06
0,II.34.2a,0.16*q*v/r,0.9999999928583284,3.1291803249276286e-05
1,II.34.2a,0.159067882472138*q*v/r,0.9999999999319328,3.0588378225201303e-06
2,II.34.2a,zoo*q*v/r,0.9999999999061916,3.59386401518523e-06
3,II.34.2a,0.159663865546218*q*v/r,0.999999963381952,7.093157423392594e-05
5,II.34.2a,0.159327002740424*q*v/r,0.999999997367006,1.9022749832713e-05
6,II.34.2a,0.159550561797753*q*v/r,0.9999999999883398,1.2624616707927056e-06
7,II.34.2a,0.159235668789809*q*v/r,0.9999999999043622,3.630967906557911e-06
8,II.34.2a,0.159235668789809*q*v/r,0.9999999999342628,3.0022879157894783e-06
9,II.34.2a,0.159235668789809*q*v/r,0.9999999999135176,3.449061981284016e-06
0,II.34.2a,"SRprogram : (['inv', 'mul', 'div', 'c_1', 'q', 'div', 'r', 'v'])",0.999999999945783,2.4556871893374745e-06
0,II.34.2,0.499437570303712*q*r*v,0.9999999999999704,1.1231076115958416e-06
1,II.34.2,0.496919101570264*q*r*v,0.9999999985762564,0.0002800894087684
2,II.34.2,0.5*q*r*v,0.9999999976787208,0.000357795984162
3,II.34.2,0.499987500312492*q*r*v,0.9999999999989826,7.410019026998782e-06
4,II.34.2,0.5*q*r*v,0.9999999976755382,0.0003579759901893
5,II.34.2,0.49859943977591*q*r*v,0.9999999997917712,0.000107129842652
6,II.34.2,0.5049*q*r*v,0.999999997947212,0.0003364014929664
7,II.34.2,0.5*q*r*v,0.999999999999984,7.603382409282489e-07
8,II.34.2,0.499437570303712*q*r*v,0.9999999999999138,1.7933376014767078e-06
9,II.34.2,0.5*q*r*v,0.9999999976787688,0.0003577173060309
0,II.34.11,0.5*B*g_*q/m,0.9999999945628112,0.0003346322055858
1,II.34.11,0.5*B*g_*q/m,0.999999999366389,0.0001143369499641
2,II.34.11,0.4998*B*g_*q/m,0.9999999913631176,0.0004219150964218
3,II.34.11,0.5*B*g_*q/m,0.9999999988028588,0.0001570956829982
4,II.34.11,0.5*B*g_*q/m,0.9999999999999886,4.082419271175808e-07
5,II.34.11,0.5*B*g_*q/m,0.999999999999922,1.2094834093981378e-06
6,II.34.11,0.500562429696288*B*g_*q/m,0.999999999999962,6.595191787109322e-07
7,II.34.11,0.5*B*g_*q/m,0.9999999727065528,0.0007499607328373
8,II.34.11,zoo*g_,0.99999999084643,0.0004342997495132
9,II.34.11,0.5*B*g_*q/m,0.9999999987963288,0.0001574719373184
0,II.34.29a,0.0795282755260688*h*q/m,0.9999999999999912,1.8836624044206442e-08
1,II.34.29a,0.0819*h*q/m,0.9999999931418824,1.782053523446094e-05
2,II.34.29a,0.0795935882173805*h*q/m,0.9999999999783744,1.0020341656111555e-06
3,II.34.29a,0.08*h*q/m,0.9999999999587929,1.3828594305611773e-06
4,II.34.29a,0.0796178343949045*h*q/m,0.9999999999999892,2.003799031136816e-08
5,II.34.29a,0.08*h*q/m,0.9999999971262856,1.154554449702274e-05
6,II.34.29a,0.0790123456790123*h*q/m,0.9999999941847028,1.640257052396763e-05
7,II.34.29a,0.0788288288288289*h*q/m,0.9999999999200924,1.919386901607402e-06
8,II.34.29a,0.0795282755260688*h*q/m,0.9999999999999752,2.5049027992558872e-08
9,II.34.29a,0.0796178343949045*h*q/m,0.9999999999871872,7.668193361662703e-07
0,II.34.29b,6.18429189857761*B*Jz*g_*mom/h,0.9999999999993746,8.847326784525932e-05
1,II.34.29b,6.28707207207207*B*Jz*g_*mom/h,0.9999999999999394,2.1263345475759365e-05
2,II.34.29b,6.28*B*Jz*g_*mom/h,0.999999999859768,0.0013211736157456
3,II.34.29b,6.2488*B*Jz*g_*mom/h,0.9999999993612644,0.002819815583519
4,II.34.29b,6.28654970760234*B*Jz*g_*mom/h,0.9999999690282856,0.019622820906349
5,II.34.29b,6.28*B*Jz*g_*mom/h,0.9999999999977724,0.0001664152667006
6,II.34.29b,6.28*B*Jz*g_*mom/h,0.9999999998516332,0.0013584813550034
7,II.34.29b,6.28*B*Jz*g_*mom/h,0.9999999999845124,0.0004409417584458
8,II.34.29b,6.28*B*Jz*g_*mom/h,0.9999999998511324,0.0013604459240952
9,II.34.29b,6.26187015007883*B*Jz*g_*mom/h,0.9999999991908674,0.0031721678301772
0,II.35.18,n_0/(exp(0.6241*B**2*mom**2/(T**2*kb**2)) + 1.0),0.9662762116801716,0.0527606701599384
1,II.35.18,0.771051585803566*n_0*exp(-B*mom/(T*kb)),0.9530374526498092,0.0613416059921743
2,II.35.18,-n_0*(0.16*B*mom - 0.8144*T*kb)/(B*mom + 1.16*T*kb),0.9796400080760436,0.0370149176064118
3,II.35.18,n_0/(exp(B*mom/(T*kb)) + 0.58),0.9865895887393328,0.0297452195677839
4,II.35.18,n_0/(exp(1.0*B*mom/(T*kb)) + 0.58),0.986589586959424,0.0297433656584405
5,II.35.18,n_0/(exp(B*mom/(T*kb)) + 0.56),0.9874319846798804,0.0278000883126824
6,II.35.18,n_0/(exp(B*mom/(T*kb)) + 0.56),0.987431985102652,0.027801392667201
0,II.35.18,n_0/(exp(0.6241*B**2*mom**2/(T**2*kb**2)) + 1.0),0.9662762116801716,0.0527606701599384
1,II.35.18,0.771051585803566*n_0*exp(-B*mom/(T*kb)),0.9530374526498092,0.0613416059921743
2,II.35.18,-n_0*(0.16*B*mom - 0.8144*T*kb)/(B*mom + 1.16*T*kb),0.9796400080760436,0.0370149176064118
0,II.35.21,mom*n_rho*tanh(1.0*B*mom/(T*kb)),0.9999999990432564,0.0001064648361148
1,II.35.21,n_rho*(B*mom - 0.21*T*kb)/B,0.9706464575351822,0.6414308554299675
2,II.35.21,1.0*mom*n_rho*tanh(1.0*B*mom/(T*kb)),0.9999999995246994,8.104183626717165e-05
3,II.35.21,1.0*mom*n_rho*tanh(1.0*B*mom/(T*kb)),0.99999999208543,0.000340767883783
4,II.35.21,mom*n_rho*tanh(1.0*B*mom/(T*kb)),0.9999999964586116,0.0002047077385795
5,II.35.21,mom*n_rho*tanh(1.0*B*mom/(T*kb)),0.9999999991737398,9.89103881728537e-05
6,II.35.21,mom*n_rho*tanh(1.0*B*mom/(T*kb)),0.999999999999988,3.466527283924048e-07
7,II.35.21,mom*n_rho*tanh(1.0*B*mom/(T*kb)),0.9999999964503252,0.000204998609246
8,II.35.21,0.999999962044554*mom*n_rho*tanh(B*mom/(T*kb)),0.999999999999887,1.186520813480918e-06
9,II.35.21,1.0*mom*n_rho*tanh(1.0*B*mom/(T*kb)),0.9999999999999464,7.551319369303311e-07
0,II.36.38,H*mom*(1.0*H*mom*(1.0*alpha - 1) + 1.0*T*alpha*kb + 1.23*T*kb*(alpha - 1))/(T*kb*(H*mom*(1.0*alpha - 1) + T*alpha*kb)),0.9145226819993184,0.211467668966092
1,II.36.38,0.452488687782805*H*mom*(3.21*alpha + 2.21)/(T*kb*(alpha + 1)),0.9123962941152276,0.1974442663243158
0,II.36.38,H*mom*(1.0*H*mom*(1.0*alpha - 1) + 1.0*T*alpha*kb + 1.23*T*kb*(alpha - 1))/(T*kb*(H*mom*(1.0*alpha - 1) + T*alpha*kb)),0.9145226819993184,0.211467668966092
1,II.36.38,0.452488687782805*H*mom*(3.21*alpha + 2.21)/(T*kb*(alpha + 1)),0.9123962941152276,0.1974442663243158
2,II.36.38,H*mom*(1.46*alpha**2 + 1.46*alpha + 0.0657999999999999)/(T*kb*(alpha**2 + alpha + 0.73)),0.9115213011128735,0.1902100301903197
3,II.36.38,2*H*mom*(alpha - 0.47)/(T*alpha*kb),0.8014750536801407,0.3725218555216753
0,II.36.38,H*mom*(1.0*H*mom*(1.0*alpha - 1) + 1.0*T*alpha*kb + 1.23*T*kb*(alpha - 1))/(T*kb*(H*mom*(1.0*alpha - 1) + T*alpha*kb)),0.9145226819993184,0.211467668966092
1,II.36.38,0.452488687782805*H*mom*(3.21*alpha + 2.21)/(T*kb*(alpha + 1)),0.9123962941152276,0.1974442663243158
2,II.36.38,H*mom*(1.46*alpha**2 + 1.46*alpha + 0.0657999999999999)/(T*kb*(alpha**2 + alpha + 0.73)),0.9115213011128735,0.1902100301903197
3,II.36.38,2*H*mom*(alpha - 0.47)/(T*alpha*kb),0.8014750536801407,0.3725218555216753
0,II.37.1,1.0*B*mom*(chi + 1),0.9999999945768052,0.0013397970415767
1,II.37.1,1.0*B*mom*(chi + 1),0.9999999943722307,0.0013648214556392
2,II.37.1,B*mom*(chi + 1),0.9999999999999823,2.095109807349616e-06
3,II.37.1,1.0*B*mom*(chi + 1),0.9999999999999852,1.8471462567504203e-06
4,II.37.1,B*mom*(1.0*chi + 1),0.999999999999986,1.6790645873498988e-06
5,II.37.1,B*mom*(chi + 1),0.999999999999981,1.9244911765881057e-06
6,II.37.1,B*mom*(chi + 1.0),0.999999999999978,2.386949033947872e-06
7,II.37.1,1.0*B*mom*(chi + 1.0),0.999999999999942,3.7083983297137033e-06
8,II.37.1,1.0*B*mom*(chi + 1),0.9999999945768052,0.0013397970415767
9,II.37.1,1.0*B*mom*(chi + 1),0.9999999943722307,0.0013648214556392
0,II.38.3,A*Y*x/d,0.9999999999999898,5.587329976242117e-07
1,II.38.3,1.0*A*Y*x/d,0.9999999999999456,1.0463520339065724e-06
2,II.38.3,A*Y*x/d,0.9999999999999892,5.768643953274477e-07
3,II.38.3,1.0*A*Y*x/d,0.9999999999999916,5.812581872222111e-07
4,II.38.3,1.0*A*Y*x/d,0.9999999999999823,6.100570003964023e-07
5,II.38.3,1.0*A*Y*x/d,0.9999999985188268,0.0002770063595874
6,II.38.3,1.0*A*Y*x/d,0.9999999999999888,6.060658001194596e-07
7,II.38.3,1.0*A*Y*x/d,0.9999999999999896,5.993306652651854e-07
8,II.38.3,A*Y*x/d,0.9999999999999886,5.893037889848074e-07
9,II.38.3,1.0*A*Y*x/d,0.9999999999992472,7.557602415806386e-06
0,II.38.14,0.500860585197935*Y/(sigma + 1),0.9999999992825443,3.1001443338447845e-06
1,II.38.14,0.50056080756289*Y/(sigma + 1),0.9999999985059518,7.014597073747714e-06
2,II.38.14,0.5*Y/(sigma + 1),0.9999999999088444,1.5184783781031774e-06
3,II.38.14,Y/(2.0*sigma + 2.01),0.9999999999494592,1.2802899913334776e-06
4,II.38.14,0.5*Y/(sigma + 1),0.9999999961792184,1.1438016965431702e-05
5,II.38.14,0.5*Y/(sigma + 1),0.9999999998258816,2.3988601018810896e-06
6,II.38.14,Y/(2*sigma + 2.0),0.9999999999992876,1.3542710189620721e-07
7,II.38.14,Y/(2*sigma + 2.0),0.9999999998196152,2.131486550523837e-06
8,II.38.14,0.5*Y/(sigma + 1),0.9999999971861908,9.625753148839872e-06
9,II.38.14,Y/(2*sigma + 2.0),0.999999998751457,5.602116004182894e-06
7,III.4.32,1/(exp(0.158974358974359*h*omega/(T*kb)) - 1),0.9999999995371848,0.000111953501954
8,III.4.32,1.0/(exp(0.159235668789809*h*omega/(T*kb)) - 1),0.9999999999530162,1.949251080981401e-05
9,III.4.32,1.0/(exp(0.159235668789809*h*omega/(T*kb)) - 1),0.9999954552052448,0.0071017373620016
0,III.4.32,0.973544973544973/(exp(0.154997433163527*h*omega/(T*kb)) - 1),0.99999938834595,0.0052098897305086
1,III.4.32,6.28*T*kb/(h*omega) - 0.47,0.9999981931510764,0.0088376441903172
2,III.4.32,6.29*T*kb*exp(-0.0811135264916778*h*omega/(T*kb))/(h*omega),0.9999997229413928,0.0035084443152769
3,III.4.32,1.0048/(exp(0.16*h*omega/(T*kb)) - 1.0),0.9999999998376322,6.682840487963166e-05
4,III.4.32,1.0/(exp(0.159371492704826*h*omega/(T*kb)) - 1.0),0.9999999998333244,8.032252206969876e-05
5,III.4.32,1.0/(exp(0.159042910910013*h*omega/(T*kb)) - 1),0.9999999999040498,5.757336630988735e-05
6,III.4.32,1/(exp(0.159235668789809*h*omega/(T*kb)) - 1),0.9999999994974772,0.0001511735553157
9,III.4.33,T*kb*(7.47060610978133*T*kb - 0.369981337985314*h*omega)/(7.47*T*kb + 0.23*h*omega),0.9999999724486386,0.0004774661461137
0,III.4.33,T*kb*exp(-h*omega/(12.5*T*kb - 0.128888888888889*h*omega)),0.999999996056544,0.0001873415981169
1,III.4.33,T*kb*exp(-0.318471337579618*h*omega/(4.0*T*kb - 0.05*h*omega)),0.9999999962122144,0.0001963312526938
2,III.4.33,T*kb*(1.0*T*kb - 0.05*h*omega)/(1.0*T*kb + 0.03*h*omega),0.9999999267810596,0.0010526343586362
3,III.4.33,3.61*T*kb*(T*kb - 0.0441096035428834*h*omega)/(3.61*T*kb + 0.134534290805794*h*omega),0.999999536544378,0.0026077090804663
4,III.4.33,T*kb*(12.522648*T*kb - 0.616858237547893*h*omega)/(12.522648*T*kb + 0.383141762452107*h*omega),0.9999999621069064,0.0007501657388493
5,III.4.33,T*kb*(1.99*T*kb - 0.109235668789809*h*omega)/(1.99*T*kb + 0.0499999999999998*h*omega),0.9999999549186166,0.0006646777570681
6,III.4.33,T*kb*(12.5229*T*kb - 0.618320610687023*h*omega)/(12.5229*T*kb + 0.381679389312977*h*omega),0.9999999628035208,0.0007028523885697
7,III.4.33,T*kb*(12.6027397260274*T*kb - 0.62*h*omega)/(12.6027397260274*T*kb + 0.38*h*omega),0.9999999503634766,0.0007757981297532
8,III.4.33,T*kb*(1.93 - exp(-0.47*(T*kb - h*omega)/(5.86*T*kb + 0.420000000000001*h*omega))),0.9999999824405092,0.0005620948744759
0,III.7.38,12.5769*B*mom/h,0.9999999999529968,0.0001810838457837
0,III.7.38,12.5769*B*mom/h,0.9999999999529968,0.0001810838457837
1,III.7.38,12.56*B*mom/h,0.9999999830706012,0.0034282781359449
2,III.7.38,12.5612932970894*B*mom/h,0.9999999999999862,2.741425868029168e-06
3,III.7.38,12.5606060606061*B*mom/h,0.999999999860498,0.0003110505816236
4,III.7.38,12.565284738041*B*mom/h,0.9999999999905864,8.05805447801955e-05
5,III.7.38,12.56*B*mom/h,0.9999999999258108,0.0002271033999219
6,III.7.38,12.560649526387*B*mom/h,0.999999999998419,3.292543918937518e-05
7,III.7.38,12.56*B*mom/h,0.999999999999982,2.959124172550176e-06
8,III.7.38,12.558660320605*B*mom/h,0.9999999999751756,0.0001313446286425
3,III.8.54,sin(6.28*E_n*t/h)**2,0.9999999878138802,3.1405160710007166e-05
4,III.8.54,sin(6.28*E_n*t/h)**2,0.9999999896720044,2.887316973358507e-05
5,III.8.54,1.0*sin(6.28*E_n*t/h + 3.14)**2,0.9999999965022442,1.6223404999870866e-05
6,III.8.54,sin(6.28*E_n*t/h + 6.28)**2,0.99999998886525,2.8677980705598422e-05
7,III.8.54,sin(6.28*E_n*t/h)**2,0.9999999999987362,2.62884128458497e-07
8,III.8.54,sin(6.28*E_n*t/h)**2,0.9999999999160228,2.6207873061880022e-06
9,III.8.54,sin(6.2826251691475*E_n*t/h)**2,0.9999999979390692,1.301876811074312e-05
0,III.8.54,sin(6.28*E_n*t/h)**2,0.9999999983337176,1.136521771619261e-05
1,III.8.54,sin(6.28*E_n*t/h)**2,0.9999999857081692,3.3446501903344655e-05
2,III.8.54,sin(6.2848*E_n*t/h)**2,0.9999998779670648,9.647344400643524e-05
1,III.9.52,4.7664*Ef*p_d*t*sin(1.44*omega_0*t/(0.892857142857143*omega*t + 1))/h,0.6908033259667401,6.001019319501312
2,III.9.52,(0.0347463516330785*Ef*p_d*t*(100.141791044776*omega + 2*omega_0) + 0.746268656716418*h*omega)/(h*omega),0.4232922804412428,8.602223311134825
3,III.9.52,omega_0*(4.36111111111111*Ef*p_d*t/(omega_0*(0.115015974440895*h*omega_0*(0.426751592356688*t + 0.571847133757962/omega) + h)) + t) - 2.34,0.4302235809810518,8.537561688697316
4,III.9.52,3.50048780487805*Ef*p_d*t/h + 1.23,0.4287282709465473,8.562133885094175
5,III.9.52,4.6*Ef*p_d*t*(-0.187528662420382*omega + omega_0)/(h*omega_0),0.462431487284268,7.888871138288526
6,III.9.52,(p_d*Ef*t/(h/(2*pi)))*sin((omega-omega_0)*t/2)**2/((omega-omega_0)*t/2)**2,0.4285878232523008,8.577610893913755
7,III.9.52,0.603840500804392/sin(0.89*h/(0.408298969072165*Ef*p_d*t + 2.69*h))**2,0.4293352079333218,8.604210088850596
8,III.9.52,3.42094913937482*Ef*p_d*t/h + 0.282086439906929*omega_0*t,0.431053882150756,8.474481845866753
9,III.9.52,5.7121*(0.150241213389121*Ef*p_d*t + h)**2/h**2,0.4294110192928242,8.601696909071542
0,III.9.52,25.57*sin(omega_0**2*t/(6.11129711286089*omega + 0.0701432809977097*omega_0)),0.2996784799744344,7.656354628293797
0,III.10.19,mom*(0.5476*Bz**2 + 0.74*(Bx + By)**2)/(Bx + By),0.99215116470368,0.4287971184194585
1,III.10.19,mom*(Bx**2 + By**2 + Bz**2)**0.5,0.9999999999999832,6.348535608946549e-07
2,III.10.19,0.6*mom*(Bx + By + Bz),0.990152202442236,0.486164592750038
3,III.10.19,1.48*Bz*mom + mom*(Bx + By) - 1.21655250605964*(Bz*mom**2*(Bx + By))**0.5,0.9942427228381504,0.3557065319761577
4,III.10.19,0.632455532033676*(mom**2*(Bx*Bz - (Bx + By + Bz)**2))**0.5,0.993250036094002,0.4368909223564885
5,III.10.19,1.02931093699662*(mom**4*(0.311804008908686*By**4 + (Bx + By + Bz)**4))**0.25,0.9942150471487796,0.4145176658029655
6,III.10.19,0.6*mom*(Bx + By + Bz),0.9930888352749858,0.4666489322583858
7,III.10.19,0.6*mom*(Bx + By + Bz),0.9930888339223496,0.46664897517373
8,III.10.19,(mom**2*(Bx**2 + 1.0*By**2 + Bz**2))**0.5,0.9999999999862412,2.074229274449113e-05
9,III.10.19,0.6*(mom*(Bx + By + Bz))**1.0,0.9930888471855194,0.466648529330987
0,III.12.43,0.159235668789809*h*n,0.9999999997754128,9.79181240196525e-06
1,III.12.43,0.159235668789809*h*n,0.9999999998614304,8.446290976915072e-06
2,III.12.43,0.159235668789809*h*n,0.999999999775214,1.0764911658677768e-05
3,III.12.43,0.159235668789809*h*n,0.9999999997893898,1.0417118556413365e-05
4,III.12.43,0.158639507582968*h*n,0.9999999999700976,3.9187221597764e-06
5,III.12.43,0.159022284873957*h*n,0.9999999999876118,2.5307984281447425e-06
6,III.12.43,0.1618*h*n,0.9999999999773476,3.418043143663119e-06
7,III.12.43,0.159056551052138*h*n,0.99999999999997,9.915374173552485e-08
8,III.12.43,0.159235668789809*h*n,0.9999999997278304,1.1847928054246614e-05
9,III.12.43,0.16*h*n,0.9999999999997076,3.752260278794273e-07
0,III.13.18,12.5575784905022*E_n*d**2*k/h,0.9999999999425708,0.002829119259685
1,III.13.18,12.521692*E_n*d**2*k/h,0.9999999999369446,0.0029668554717602
2,III.13.18,12.7551020408163*E_n*d**2*k/h,0.9999999999794692,0.0016835847443041
3,III.13.18,12.5*E_n*d**2*k/h,0.999999974195798,0.05999286026302
4,III.13.18,12.5777070063694*E_n*d**2*k/h,0.9999999999859976,0.0013907495087084
5,III.13.18,12.6046511627907*E_n*d**2*k/h,0.999999999087791,0.0112713494842943
6,III.13.18,12.5970149253731*E_n*d**2*k/h,0.9999999996089886,0.0073802122527661
7,III.13.18,12.4833333333333*E_n*d**2*k/h,0.9999999992185324,0.0104582533294263
8,III.13.18,12.5741511111111*E_n*d**2*k/h,0.99999999998286,0.001537500912517
9,III.13.18,12.5544336569579*E_n*d**2*k/h,0.9999999999716394,0.0020045980865063
0,III.14.14,ii_0*(1.0*exp(1.0*Volt*q/(T*kb)) - 1),0.9999999804677552,0.0007390298635159
1,III.14.14,ii_0*(exp(Volt*q/(T*kb)) - 1),0.999999999999656,4.549977593064635e-06
2,III.14.14,ii_0*(exp(Volt*q/(T*kb)) - 1),0.9999999999809792,1.3615991081261658e-05
3,III.14.14,ii_0*(exp(1.0*Volt*q/(T*kb)) - 1.0),0.9999999999996416,4.567936682924323e-06
4,III.14.14,1.0*ii_0*(exp(Volt*q/(T*kb)) - 1.0),0.9999999999995915,4.503274363549803e-06
5,III.14.14,ii_0*(1.0*exp(Volt*q/(T*kb)) - 1),0.9999999997738448,6.521176829696107e-05
6,III.14.14,ii_0*(exp(1.0*Volt*q/(T*kb)) - 1),0.999999983622362,0.000512406154903
7,III.14.14,1.0*ii_0*(exp(Volt*q/(T*kb)) - 1),0.9999999999998656,8.609282654925554e-07
8,III.14.14,ii_0*(exp(Volt*q/(T*kb)) - 1.0),0.999999999030496,0.000147242660669
9,III.14.14,ii_0*(exp(1.0*Volt*q/(T*kb)) - 1.0),0.9999999998421962,3.4701924780912166e-05
0,III.15.12,2.0*U*(1 - cos(1.0*d*k)),0.999999999591192,9.154857041293548e-05
1,III.15.12,2.0*U*(1 - cos(d*k)),0.9999999957759852,0.0002739268156774
2,III.15.12,U*(2.0 - 2.0*cos(d*k)),0.999999996289884,0.0003074928983817
3,III.15.12,2.0*U*(1 - cos(d*k)),0.9999999956318444,0.0003152786782713
4,III.15.12,2.0*U*(1 - cos(1.0*d*k)),0.999999998948518,0.0001534833927409
5,III.15.12,U*(2.0 - 2.0*cos(d*k)),0.9999999995944742,9.11384904568808e-05
6,III.15.12,U*(1.63934426229508*cos(d*k + 9.85384615384615) + 2.1),0.9778624679886108,0.667816135928501
7,III.15.12,2.0*U*(1 - cos(1.0*d*k)),0.9999999828767598,0.0005354795105703
8,III.15.12,U*(2.0 - 2.0*cos(d*k)),0.9999999995890162,9.186088202541902e-05
9,III.15.12,2.00722601364914*U*(1 - cos(1.0*d*k)),0.9999999897004826,0.0004585915887539
0,III.15.14,0.0127197693481825*h**2/(E_n*d**2),0.9999999742819492,1.222972041020765e-06
1,III.15.14,0.01263955648289*h**2/(E_n*d**2),0.9999999999941872,1.8601877357215672e-08
2,III.15.14,0.01*h**2/(E_n*d**2),0.999996176856536,1.4908845605120658e-05
3,III.15.14,0.0126451854627201*h**2/(E_n*d**2),0.9999999999801732,3.40398215005537e-08
4,III.15.14,0.0126697327673358*h**2/(E_n*d**2),0.9999999994799538,1.7365337002709417e-07
5,III.15.14,0.01*h**2/(E_n*d**2),0.999996214363298,1.483580012104787e-05
6,III.15.14,0.0119946304*h**2/(E_n*d**2),0.99999926515319,6.5362743229822815e-06
7,III.15.14,0.0126885576769301*h**2/(E_n*d**2),0.9999999999423552,6.55313431728477e-08
8,III.15.14,0.01*h**2/(E_n*d**2),0.9999935229010394,2.193838111106532e-05
9,III.15.14,0.0126727439418263*h**2/(E_n*d**2),0.9999999999967856,1.5428516964971485e-08
0,III.15.27,6.28169014084507*alpha/(d*n),0.9999999999911648,6.331249662651084e-06
1,III.15.27,6.28*alpha/(d*n),0.9999999999994572,1.585439256416299e-06
2,III.15.27,6.28*alpha/(d*n),0.9999999989904604,5.690230739166746e-05
3,III.15.27,6.279*alpha/(d*n),0.9999999994347256,5.068834166883085e-05
4,III.15.27,6.2831419939577*alpha/(d*n),0.9999999998700052,2.4301663449989296e-05
5,III.15.27,6.28*alpha/(d*n),0.9999999998965796,2.162988524793241e-05
6,III.15.27,6.27215189873418*alpha/(d*n),0.9999999979292572,9.681348461748508e-05
7,III.15.27,6.25*alpha/(d*n),0.9999999908080623,0.0001820162274572
8,III.15.27,6.28*alpha/(d*n),0.9999999998731076,2.400781255124662e-05
9,III.15.27,6.25*alpha/(d*n),0.9999999997600958,3.295783657671359e-05
0,III.17.37,"SRprogram : (['add', 'mul', 'cos', 'theta', 'mul', 'beta', 'alpha', 'mul', 'c_1', 'beta'])",0.9999999999987864,4.8982157780103205e-06
1,III.17.37,"SRprogram : (['mul', 'beta', 'div', 'mul', 'add', 'add', 'mul', 'cos', 'theta', 'alpha', 'mul', 'alpha', 'c_1', 'c_2', 'c_2', 'c_2'])",0.9999999970065168,0.0002183867156743
2,III.17.37,"SRprogram : (['add', 'add', 'mul', 'add', 'add', 'c_2', 'mul', 'beta', 'cos', 'theta', 'c_1', 'alpha', 'c_1', 'beta'])",0.9999999999905096,1.4495943539006284e-05
3,III.17.37,"SRprogram : (['mul', 'sub', 'mul', 'beta', 'cos', 'theta', 'mul', 'c_2', 'div', 'beta', 'alpha', 'alpha'])",0.9999999999992168,3.951206960411388e-06
4,III.17.37,"SRprogram : (['add', 'mul', 'mul', 'beta', 'alpha', 'cos', 'theta', 'beta'])",0.9999999999999782,4.76449614064692e-07
5,III.17.37,"SRprogram : (['mul', 'mul', 'beta', 'add', 'mul', 'mul', 'mul', 'cos', 'theta', '1', '1', 'alpha', 'c_1', 'c_1'])",0.999999997340977,0.0001988991143836
6,III.17.37,"SRprogram : (['mul', 'mul', 'beta', 'add', 'mul', 'mul', 'mul', 'cos', 'mul', '1', 'theta', 'alpha', 'c_2', 'c_1', 'c_2', 'c_2'])",0.9999999871271152,0.0004359051177484
7,III.17.37,"SRprogram : (['mul', 'beta', 'add', 'mul', 'cos', 'theta', 'alpha', 'c_2'])",0.9999999999988028,4.860433330830541e-06
8,III.17.37,"SRprogram : (['mul', 'beta', 'add', 'mul', 'cos', 'theta', 'add', 'sub', 'c_2', 'mul', 'c_2', 'c_1', 'alpha', 'c_1'])",0.9999999994010352,9.998349092413428e-05
9,III.17.37,"SRprogram : (['mul', 'mul', 'add', 'sub', 'c_2', 'mul', 'cos', 'theta', 'alpha', 'cos', '1', 'c_1', 'beta'])",0.9999999997431708,5.926765786152198e-05
0,III.19.51,1/((-m + 1.0 - 1.0/(-q - 3.14000000000000*1.0/(1.0*(q*1.0*(1.0 + 1.0 + 1/(-h/(1/(epsilon - q**2 - 1*1.0 - 1*1.0)) - m)) + 1.0))))**2),-5392.487488623372,31.41689738590228
1,III.19.51,1.0*q**2,-67.1462028344558,11.437508329040876
2,III.19.51,q**64/(epsilon**16*(epsilon + q**4)**16 + 3.14*q**64),-0.1162748563997648,0.5663249059506188
3,III.19.51,1.0*q/m,-1.7892134302693474,1.839950177706355
4,III.19.51,0.0200598605640712*m*q**4/(epsilon**2*h**2),-0.8714001315770104,0.8601864719131984
5,III.19.51,-1.0/(-m*q*(1.0 + 1.0/(1.0 + (n**1.0 + 1.0)/(-n - 1.0/(-4.0*q*(1 - 0.5*epsilon)**2 + 1.0)))) + q),-0.0966993035688705,0.5990629143180961
6,III.19.51,1/(3.14 + 1/(3.14 - 1.0*q/(epsilon**4*(1.0 - 1.0/n)**16))),-0.2962713896596265,0.8630565202692343
7,III.19.51,3.14 + (q - 1.0)**(-2),-1023.6445297289368,13.402441449053162
8,III.19.51,1.0*h**4.0*n/(h**4.0 + 1.0),-3.7891618321641447,3.2307128619025893
9,III.19.51,1.0 + n**2*(epsilon**4 + 0.000105818795894509*n)**2/epsilon**8,-59.9716269804165,11.18078880060422
0,III.21.20,"SRprogram : (['neg', 'mul', 'A_vec', 'mul', 'q', 'mul', '1', 'mul', 'c_1', 'div', 'rho_c_0', 'm'])",0.9999999994303832,0.000135786966274
1,III.21.20,"SRprogram : (['mul', 'q', 'div', 'c_1', 'div', 'm', 'neg', 'mul', 'A_vec', 'rho_c_0'])",0.9999999994348696,0.0001352600612142
2,III.21.20,"SRprogram : (['mul', 'div', 'mul', 'rho_c_0', 'A_vec', 'div', '1', 'div', 'q', 'm', 'c_1'])",0.9999999993959612,0.0001398046455881
3,III.21.20,"SRprogram : (['div', 'q', 'neg', 'div', 'm', 'mul', 'rho_c_0', 'A_vec'])",0.9999999999999868,5.17330957152673e-07
4,III.21.20,"SRprogram : (['mul', 'q', 'mul', 'rho_c_0', 'mul', 'div', 'c_1', 'm', 'A_vec'])",0.9999999993964798,0.0001397211990854
5,III.21.20,"SRprogram : (['div', 'rho_c_0', 'mul', '1', 'div', 'm', 'neg', 'mul', 'A_vec', 'q'])",0.999999999999991,4.6214417743772883e-07
6,III.21.20,"SRprogram : (['div', 'q', 'mul', '1', 'mul', 'm', 'neg', 'div', '1', 'mul', 'A_vec', 'rho_c_0'])",0.999999999999976,5.844851314007471e-07
7,III.21.20,"SRprogram : (['neg', 'mul', 'A_vec', 'div', 'rho_c_0', 'mul', 'div', 'm', 'q', 'c_1'])",0.9999999999343958,4.6253637264022096e-05
8,III.21.20,"SRprogram : (['neg', 'mul', 'div', 'A_vec', 'm', 'mul', 'q', 'rho_c_0'])",0.9999999999999896,4.7570159825482963e-07
9,III.21.20,"SRprogram : (['mul', 'rho_c_0', 'mul', 'A_vec', 'mul', 'mul', 'c_1', '1', 'div', 'q', 'm'])",0.999999999395724,0.0001397951088449
